nombre,apellidos,nif,telefono,email,categoria,description,urgencia,fecha,direccion_persona,ubicacion_incidencia
Rosa,Núñez Rodríguez,45167429Y,931315752,rosa_nunez26@yahoo.es,Otros,Pintada en forma de rótulos obscenos en la pared de mi casa en Calle Navas. Llevaba 3 dias y no se quita.,1,2026-01-01T15:52:55+01:00,"Calle Sierpe 106, 5ºA, 18004 Granada","37.176511, -3.588882 - Bajo la marquesina del autobús"
Alberto,González García,59304412Q,983389471,alberto_gonzalez23@live.com,Limpieza,"Hay papeles de caramelos y bolsas de plástico esparcidas en la acera de la Calle Reyes Católicos, frente a la farmacia. Es poco, pero afea la zona.",1,2026-01-01T16:47:58+01:00,"Calle Elvira 66, 3ºB, 18014 Granada","37.180986, -3.589903 - Frente a la farmacia"
Javier,Marín López,21500031E,985590542,javier_marin33@live.com,Limpieza,"El contenedor de reciclaje en Plazuela de Fajalauza esta algo lleno, con botellas apiladas. Cabe mas, pero empieza a rebozar.",2,2026-01-01T20:58:51+01:00,"Calle Gonzalo Gallas 29, 3ºB, 18006 Granada","37.195520, -3.616094 - En la rotonda"
Josefa,Cortés Martínez,67375010Y,773400788,jcortes939@gmail.com,Limpieza,"Hay basura acumulada hace 4 días en la calle Darío Salas, junto a los aparcamientos. Bolsas rotas, restos de comida y periódicos viejos.",3,2026-01-01T21:26:04+01:00,"Calle Gonzalo Gallas 84, 4ºB, 18009 Granada","37.167973, -3.593403 - Frente a la farmacia"
Rocío,Navarro Guerrero,71422036K,761307077,rocionavarro762@gmail.com,Parques y Jardines,"El cesped del parque de la Virgen del Carmen está completamente crecido, lleno de hierba alta y maleza. Hace falta una buena pasada de cortacespedes.",1,2026-01-02T09:19:32+01:00,"Paseo de la Bomba 26, 3ºC, 18011 Granada","37.190636, -3.596631 - Junto al centro de salud"
Miguel,Garrido Herrera,53064793K,986087913,mgarrido367@hotmail.es,Movilidad,La señal de límite de velocidad en Avenida de la Constitución esta borrosa y casi no se ve. Lleva así varios meses y es peligroso para los nuevos conductores.,1,2026-01-02T09:45:08+01:00,"Calle Ángel Ganivet 43, 4ºA, 18009 Granada","37.181648, -3.578850 - Frente al supermercado"
Patricia,Blanco García,96701027B,628407271,pblanco999@gmail.com,Limpieza,"Se ha producido un vertido de aceite de motor en la Calle Navas, sobre la calzada. Hay un charco oscuro que puede causar accidentes, especialmente a motocicletas.",4,2026-01-02T11:44:33+01:00,"Camino de Ronda 107, 3ºB, 18008 Granada","37.173570, -3.597365 - En la rotonda"
Jesús,Flores Díaz,26517685L,711361664,jflores193@gmail.com,Limpieza,"Un envase de productos quimicos peligrosos ha sido abandonado en la zona de juegos infantiles del Parque de las Naciones, a 50 metros del colegio Ramon y Cajal.",5,2026-01-02T13:51:20+01:00,"Calle Ángel Ganivet 26, 3ºD, 18010 Granada","37.156407, -3.600840 - Junto a la parada de autobús"
José,Ruiz Guerrero,28954480X,695742380,jose.ruiz.guerrero@gmail.com,Mobiliario Urbano,"Papelera esquina Calle Reyes Catolicos completamente oxidada y abollada, con agujeros en la base. Esta roto hace meses.",1,2026-01-02T17:24:49+01:00,"Calle Puentezuelas 63, 2ºA, 18009 Granada","37.171438, -3.608699 - En la acera izquierda"
Alejandro,Domínguez López,58689655A,980918090,alejandro.dominguez.lopez@hotmail.es,Limpieza,Papeletas de multas de trafico y envoltorios de chicle en la Avenida de la Constitución. Solo pequeños desperdicios que van volando.,1,2026-01-02T21:32:52+01:00,"Calle Alcaicería 52, 4ºB, 18009 Granada","37.176964, -3.610216 - Frente al supermercado"
Juan,León Blanco,90532953P,915278884,juan.leon281@hotmail.es,Otros,Ruido excesivo en la discoteca de Realejo hasta las 4 de la mañana. Los vecinos no podemos dormir.,3,2026-01-03T01:01:03+01:00,"Calle Profesor Emilio Orozco 86, Bajo A, 18012 Granada","37.180727, -3.572458 - Cerca del cruce con Avenida de la Constitución"
David,Medina Álvarez,14923108H,947970343,david_medina47@hotmail.es,Parques y Jardines,En el Parque Científico hay una rama grande del pino que cuelga peligrosamente sobre la zona de juegos infantiles. Tiene que caerse en cualquier momento.,4,2026-01-03T11:18:42+01:00,"Calle San Juan de Dios 35, 3ºA, 18014 Granada","37.157130, -3.588085 - En la rotonda"
Laura,Alonso Álvarez,88016436J,713172221,lauraalonso618@hotmail.es,Limpieza,"El contenedor de basura organica en Plaza Nueva esta repleto, con algunos restos sobresaliendo. Necesita vaciarse pronto pero aun funciona.",2,2026-01-03T12:21:47+01:00,"Camino de Ronda 106, 2ºC, 18010 Granada","37.175532, -3.570399 - Junto al paso de peatones"
Alberto,Guerrero Molina,91443237K,626782275,alberto_guerrero32@gmail.com,Mobiliario Urbano,"Bolardo frente a la estación de autobuses arrancado de raiz, dejando un hueco profundo muy peligroso para peatones y menores. Urge reparación inmediata.",4,2026-01-03T14:19:28+01:00,"Calle Reyes Católicos 60, 4ºC, 18003 Granada","37.187169, -3.618584 - Junto a la fuente"
Jesús,Prieto Vázquez,60567235R,712406766,jesus_prieto37@hotmail.es,Mobiliario Urbano,Banco de madera en Plaza Nueva con pintura descascarillada y astillas salientes. Peligro para ropa y piel.,2,2026-01-03T15:49:33+01:00,"Calle Gonzalo Gallas 51, 1ºA, 18004 Granada","37.182428, -3.581279 - Frente al portal 67"
Alberto,García Serrano,56101604G,988171133,alberto_garcia98@outlook.es,Limpieza,Acumulacion de botellas rotas y latas en la esquina de Calle Elvira hace ya 5 días. El olor es desagradable y atrae a las palomas.,3,2026-01-03T21:20:51+01:00,"Acera del Darro 22, 5ºA, 18010 Granada","37.157714, -3.591851 - Junto a la fuente"
Jesús,Rubio Gallego,75925621E,662405321,jesus_rubio61@gmail.com,Alumbrado Público,"La farola en la esquina de Calle Ángeles no enciende correctamente, brilla muy debil en las noches. Es peligroso para los vecinos que salen tarde.",1,2026-01-03T21:56:33+01:00,"Avenida de Madrid 6, Bajo B, 18012 Granada","37.199214, -3.609668 - Frente al portal 26"
Miguel,Rivera García,78729878G,972093565,mrivera743@gmail.com,Mobiliario Urbano,Marquesina parada bus Calle Elvira con cristal completamente rajado en forma de telaraña. Riesgo de cortes para usuarios.,3,2026-01-04T08:25:30+01:00,"Camino de Ronda 65, 5ºB, 18005 Granada","37.175049, -3.571344 - En la esquina con Calle Reyes Católicos"
Carlos,Díaz Marín,90777487Y,745697061,carlos.diaz480@hotmail.es,Movilidad,Bache profundo en la calle Príncipes cerca del cruce con Reyes Católicos. Mi bicicleta casi se cae esta mañana cuando pasé.,2,2026-01-04T08:59:56+01:00,"Calle Neptuno 95, 6ºA, 18014 Granada","37.173113, -3.620035 - Al lado del contenedor de reciclaje"
Dolores,Ortiz Cortés,69697126L,792931832,dolores_ortiz55@gmail.com,Movilidad,"El semáforo de peatones en Plaza Nueva parpadea irregularmente. A veces se queda en verde demasiado tiempo, a veces en rojo. Puede aver accidentes.",3,2026-01-04T10:12:18+01:00,"Calle Sierpe 37, 5ºB, 18009 Granada","37.181210, -3.577799 - Junto al paso de peatones"
Daniel,Ramírez Rodríguez,25825132L,699864269,daniel_ramirez29@yahoo.es,Parques y Jardines,El banco de madera junto a la fuente de los Mártires tiene un listón roto y suelto. Alguien podría pincharse o rasguñarse.,2,2026-01-04T14:07:58+01:00,"Calle Gracia 37, 1ºD, 18002 Granada","37.157188, -3.604721 - En la acera derecha"
Rubén,Molina Ramírez,33363043W,939876945,rubenmolina522@hotmail.com,Limpieza,Hay un vertido de liquido blanquecino (posiblemente agua residual sin tratar) en la calle Calderia Nueva. Forma un charco resbaladizo y apesta.,4,2026-01-04T15:01:10+01:00,"Calle San Juan de Dios 105, 1ºB, 18006 Granada","37.169458, -3.602770 - En la acera izquierda"
Alicia,Iglesias Romero,23513693B,626950489,aiglesias11@outlook.es,Movilidad,"Socavón enorme en la carretera de ronda norte, justo antes de la salida a Maracena. Hoy se ha agrandado más y ya toca la otra vía.",5,2026-01-04T17:44:30+01:00,"Calle Ángel Ganivet 115, 1ºC, 18007 Granada","37.166857, -3.600886 - En la acera izquierda"
Óscar,Muñoz Ramírez,33777831P,719182255,oscarmunoz509@gmail.com,Parques y Jardines,El sistema de riego automatico del jardin de los Mártires esta averiado hace más de una semana. Las plantas de la zona oriental estan secas y amarillentas.,3,2026-01-04T22:06:04+01:00,"Paseo del Salón 49, 2ºA, 18012 Granada","37.157342, -3.611462 - Junto al colegio"
Pilar,Serrano Hernández,90474885S,767707351,pilar.serrano.hernandez@live.com,Alumbrado Público,"Hay un cable de electricidad colgando de una farola rota en Paseo del Salón. Esta muy peligroso, podría causar un accidente grave o electrocución.",5,2026-01-04T22:26:49+01:00,"Calle Navas 27, Ático, 18012 Granada","37.197655, -3.608709 - Junto a la fuente"
Juan,Delgado Sánchez,42231238H,793831299,juan_delgado29@live.com,Limpieza,Tambores de material toxico sin identificar han aparecido detras de la Escuela Infantil Los Pececillos. Es extremadamente peligroso para los niños.,5,2026-01-04T23:20:18+01:00,"Calle Elvira 18, Bajo A, 18001 Granada","37.192496, -3.571009 - Cerca del cruce con Calle Mesones"
Jorge,Núñez Ramos,41656884C,764751703,jorgenunez207@outlook.es,Movilidad,La señal de ceda el paso en Calle Navas tiene una esquina rota pero se entiende. Ha estado así desde hace medio año.,1,2026-01-05T03:30:24+01:00,"Calle Alcaicería 78, 2ºC, 18006 Granada","37.177139, -3.597149 - En la rotonda"
Rubén,Herrera Gutiérrez,37595201E,777365314,ruben_herrera16@hotmail.com,Parques y Jardines,"Un álamo blanco enorme a caido completamente en el Parque de la Paz, bloqueando el camino principal y la zona de paseo de mascotas. Es imposible pasar.",5,2026-01-05T06:11:21+01:00,"Calle Recogidas 1, 6ºA, 18012 Granada","37.194672, -3.607748 - Al lado del contenedor de reciclaje"
Javier,Alonso Navarro,93924538J,940971550,javier_alonso78@hotmail.com,Alumbrado Público,"La farola de la Avenida Constitucion numero 45 está fundida hace dias, pero hay otras cercanas iluminando. Se ve por la zona pero no es lo ideal.",2,2026-01-05T13:05:41+01:00,"Calle Profesor Emilio Orozco 108, 1ºA, 18006 Granada","37.194850, -3.592257 - Junto al paso de peatones"
Irene,Marín Martínez,20349026Y,728093335,irene.marin748@gmail.com,Alumbrado Público,"Las farolas entre la Calle Real y la Plazuela de los Mártires están todas apagadas, unos 8 o 9 postes sin luz. La calle esta muy obscura y peligrosa para circular.",4,2026-01-05T13:12:46+01:00,"Calle Alhamar 52, 1ºA, 18014 Granada","37.155663, -3.594040 - Frente a la farmacia"
Rocío,Flores Hernández,29418782B,932224342,rocio.flores.hernandez@hotmail.es,Movilidad,"Varios baches peqeños en la calle Ángel Ganivet, entre la Catedral y San Agustín. Hay que tener mucho cuidado en moto.",2,2026-01-06T05:06:48+01:00,"Calle Obispo Hurtado 86, Ático, 18004 Granada","37.168233, -3.588648 - Frente a la farmacia"
Lucía,Jiménez Herrera,30487400A,978594567,lucia.jimenez126@gmail.com,Movilidad,El semáforo principal de la Avenida del Hospicio lleva tres días parpadeando en amarillo constante. Los coches avanzan sin control.,4,2026-01-06T11:52:00+01:00,"Calle Zacatín 19, 1ºC, 18002 Granada","37.197027, -3.616719 - En la acera derecha"
Sergio,Rodríguez Navarro,96770411G,775409301,srodriguez881@gmail.com,Movilidad,Grieta grande que se expande en la Cuesta del Chapiz. La asfaltadora paso hace poco pero no sirvió de nada.,3,2026-01-06T13:15:11+01:00,"Calle Duquesa 55, 6ºA, 18005 Granada","37.188552, -3.621937 - En la acera izquierda"
Andrea,Ruiz Medina,27696965C,780287152,andrea.ruiz.medina@hotmail.es,Alumbrado Público,"Farola en la Calle Monjas con luz muy tenue, apenas ilumina el suelo. Hay q arreglarlo pronto porque es complicado ver bien.",1,2026-01-06T16:52:29+01:00,"Calle Mesones 69, 5ºB, 18007 Granada","37.181743, -3.597340 - Frente a la iglesia"
Silvia,Hernández Cano,43513789C,674741268,silviahernandez887@gmail.com,Alumbrado Público,"Un cable electrico fracturado pende de una farola en la Ronda Sur, muy cerca del paso de peatones. Es un peligro immediato para cualquiera.",5,2026-01-06T23:48:32+01:00,"Calle Zacatín 90, 5ºB, 18006 Granada","37.156909, -3.588176 - Bajo la marquesina del autobús"
Carlos,Marín Sánchez,13985317Y,655907556,carlos_marin71@hotmail.com,Movilidad,"Poste de señalización torcido pero legible en la esquina de Ronda de Levante. Aunque no es urgente, algun día podria caerse.",2,2026-01-07T07:56:55+01:00,"Calle Mesones 95, 1ºB, 18004 Granada","37.183329, -3.579818 - En la acera izquierda"
Beatriz,Domínguez Torres,56991860E,679643794,beatrizdominguez251@gmail.com,Limpieza,Papeles de propaganda politica dispersos en toda la calle Alhacaba. No son muchos pero desordenan visualmente la zona.,1,2026-01-07T09:12:48+01:00,"Calle Obispo Hurtado 89, 1ºD, 18014 Granada","37.179705, -3.614359 - Cerca del cruce con Calle Severo Ochoa"
Sara,Cortés Ramos,53880651T,613333000,sara.cortes141@gmail.com,Movilidad,Semáforo completamente apagado en el cruce de Calle Recogidas y Avenida de la Paz durante las horas punta. Ya hubo un choque hace dos días.,5,2026-01-07T11:12:06+01:00,"Calle Real de Cartuja 7, 2ºC, 18013 Granada","37.168947, -3.586564 - En la esquina con Plaza de Mariana Pineda"
Josefa,López Núñez,97922880N,995233260,josefalopez760@gmail.com,Limpieza,"El contenedor marron de la calle San Antón esta a punto de reventar, con cajas de cartón saliendo por los lados. Deberia haberse recogido ayer.",2,2026-01-07T17:18:49+01:00,"Calle Severo Ochoa 63, Ático, 18004 Granada","37.177739, -3.611860 - En la mediana de la avenida"
Carmen,Romero Ruiz,79054909E,736926980,carmen.romero411@hotmail.es,Movilidad,La línea blanca de carril en Paseo de los Mártires está casi borrada. Los conductores no saben bien dónde termina cada vía.,1,2026-01-08T08:42:01+01:00,"Calle Pedro Antonio de Alarcón 61, 6ºA, 18011 Granada","37.182858, -3.619366 - En la mediana de la avenida"
María,Flores Garrido,48257716J,926055999,maria.flores.garrido@hotmail.es,Alumbrado Público,Varias farolas fundidas en el tramo de Calle Reyes Católicos entre Puerta Real y la Avenida de la República. Unos 5 o 6 postes sin luz hacen que oscurezca mucho.,3,2026-01-08T10:49:52+01:00,"Calle San Juan de Dios 64, 4ºA, 18003 Granada","37.164870, -3.599595 - Frente a la farmacia"
Raquel,Serrano Marín,34813435Z,685371292,raquel.serrano536@outlook.es,Limpieza,"Residuos de una escombrera ilegal acumulados hace una semana en el solar de la Calle Tablas. Hay escombros, trozos de hormigon y hierros oxidados.",3,2026-01-08T17:17:59+01:00,"Calle Gracia 31, 4ºB, 18010 Granada","37.164531, -3.570481 - Frente al portal 69"
Josefa,Romero Gómez,85683345L,729084723,josefa.romero.gomez@gmail.com,Limpieza,"Se detecto un derrame de gasoleo en la Calle Salitre, cerca de un talier de reparacion de vehiculos. El liquido corre hacia la alcantarilla.",4,2026-01-08T19:26:39+01:00,"Calle Puentezuelas 112, 2ºC, 18007 Granada","37.163566, -3.599580 - Junto a la fuente"
Beatriz,Prieto Vázquez,37836139N,969965128,beatriz.prieto.vazquez@hotmail.com,Mobiliario Urbano,"Papelera publica Paseo del Salon abollada lateralmente, con tapa rota. Funcionalmente inutilizada.",1,2026-01-08T23:03:19+01:00,"Paseo de los Tristes 98, 3ºA, 18014 Granada","37.174562, -3.583476 - Junto al parque infantil"
Teresa,López Guerrero,70454340G,654625037,teresa.lopez.guerrero@live.com,Alumbrado Público,"La farola junto al parque de los Mártires está muy debil, apenas se ve nada. Deberían revisar porque la bombilla debe tener problemas.",1,2026-01-09T03:49:04+01:00,"Calle Reyes Católicos 42, 3ºC, 18003 Granada","37.187698, -3.615129 - A la altura del número 4"
Elena,Garrido León,48676212R,653614964,elena.garrido.leon@hotmail.es,Mobiliario Urbano,Poste de señaletica metalico en Acera del Darro con tornillos sueltos y oxidacion avanzada. Estructura inestable y peligrosa.,5,2026-01-09T05:46:09+01:00,"Avenida de la Constitución 88, 1ºD, 18005 Granada","37.195767, -3.619949 - Bajo la marquesina del autobús"
Marta,González Prieto,64394896W,671189835,marta.gonzalez844@gmail.com,Alumbrado Público,Hace un mes que la farola de Camino de Ronda numero 12 no funciona. No hay otras luces cerca y es muy peligroso pasar por alli de noche.,2,2026-01-09T06:54:51+01:00,"Paseo de los Tristes 15, Ático, 18005 Granada","37.176682, -3.582014 - Al lado del contenedor de reciclaje"
Álvaro,Sánchez León,46786371R,790393444,alvaro.sanchez752@gmail.com,Parques y Jardines,El prado central del parque García Lorca tiene el pasto muy crecido y sin segar en varias semanas. Parece un campo sin cultivar.,1,2026-01-09T15:52:17+01:00,"Calle Arabial 83, 4ºC, 18010 Granada","37.191652, -3.599584 - Cerca del cruce con Avenida de la Constitución"
Francisco,Flores Molina,48531161B,749368287,franciscoflores552@outlook.es,Movilidad,"Bache mediano en Calle Zacatín, justo en la zona de carga y descarga. Los repartidores tienen que aller muy lento.",2,2026-01-09T23:39:11+01:00,"Calle Duquesa 119, Bajo A, 18005 Granada","37.168840, -3.624551 - En la acera izquierda"
Ana,Díaz Garrido,45317119N,921291950,ana.diaz155@gmail.com,Alumbrado Público,"Las farolas de toda la Calle Elvira estan apagadas, desde la iglesia asta el cruce con Calle Navas. La calle esta completamente a oscuras y no se puede ni pasar.",4,2026-01-10T04:01:57+01:00,"Calle Sierpe 58, 2ºB, 18009 Granada","37.193958, -3.581900 - Junto al colegio"
David,Blanco Iglesias,17530590J,994597000,david.blanco.iglesias@live.com,Parques y Jardines,Hay varios bancos de piedra en el Paseo del Salon con tablones de madera suelta. Es peligroso sentarse porque se puede caer.,2,2026-01-10T04:30:47+01:00,"Paseo del Salón 4, Bajo A, 18004 Granada","37.199951, -3.618064 - Junto al colegio"
Diego,Calvo Cano,47864533S,794751863,diego_calvo74@gmail.com,Movilidad,"Semaforo de tráfico en Avenida de la República Argentina hace contactos raros, a veces se queda en rojo durante minutos.",3,2026-01-10T13:28:31+01:00,"Calle Recogidas 53, 4ºA, 18009 Granada","37.157802, -3.623946 - Frente al supermercado"
Enrique,Gómez Rodríguez,44165960A,916191910,egomez978@gmail.com,Alumbrado Público,"Farola con destello irregular en Avenida de Andalucia, prende y apaga constantemente. Lucir tenue cuando funciona, debe tener problemas en la instalacion.",1,2026-01-10T14:43:45+01:00,"Calle Alcaicería 44, 1ºB, 18013 Granada","37.161031, -3.572404 - Junto a la fuente"
Javier,Gil Rodríguez,73467918F,684514558,javier.gil.rodriguez@outlook.es,Alumbrado Público,"Cable electrico caido sobre la calle en la Ronda Nord, conectado a una farola rota. Hay peligro de electrocution para los peatones y los coches.",5,2026-01-10T19:25:51+01:00,"Calle Navas 1, 4ºC, 18009 Granada","37.182836, -3.580045 - Junto al quiosco de prensa"
Rafael,Marín Calvo,74282309Z,753923847,rafaelmarin788@gmail.com,Movilidad,Socavón peligroso en la vía principal de acceso a la Universidad de Granada. Se está haciendo mayor cada semana por la lluvia.,5,2026-01-10T21:50:45+01:00,"Avenida de Madrid 48, 5ºB, 18010 Granada","37.157609, -3.580607 - Frente a la iglesia"
Pilar,Calvo Gil,48515350R,677801383,pcalvo509@hotmail.com,Mobiliario Urbano,Banco junto Catedral con múltiples tablones de madera rotos y pintura descascarada. Estructura comprometida para sentarse.,2,2026-01-11T00:15:47+01:00,"Calle Alcaicería 34, Bajo B, 18007 Granada","37.179416, -3.593763 - En la rotonda"
Andrés,Rivera Jiménez,18231740P,747412429,andres.rivera.jimenez@gmail.com,Limpieza,"Contenedores de residuos biosanitarios rotos y abandonados junto al Colegio Publico Maria Inmaculada, con posible material contaminado a la vista.",5,2026-01-11T09:58:36+01:00,"Camino de Ronda 57, 3ºB, 18009 Granada","37.176566, -3.618936 - En la acera izquierda"
Andrea,Gómez Flores,61621331F,916406919,andrea_gomez61@gmail.com,Movilidad,Señal de prohibido estacionar decolorada en Calle Elvira. Se ve a medias pero cualquiera que no conosca la zona puede confundirse.,1,2026-01-12T01:34:20+01:00,"Calle Molinos 60, 1ºB, 18008 Granada","37.177240, -3.620837 - En la rotonda"
Sara,Torres Álvarez,56080655P,696875802,sara.torres.alvarez@gmail.com,Mobiliario Urbano,Reja protectora árbol Plaza Mariana Pineda completamente doblada hacia adentro. Danado y sin utilidad.,2,2026-01-12T02:10:40+01:00,"Calle Arabial 106, 3ºB, 18005 Granada","37.160050, -3.575831 - Junto al paso de peatones"
María,Torres López,83516894F,723976706,maria.torres.lopez@gmail.com,Limpieza,Bolsitas de perro sin recoger en la acera del Paseo del Salón. Hay unos 4-5 montoncillos pequeños pero visibles.,1,2026-01-12T04:36:14+01:00,"Calle Tinajilla 19, 1ºD, 18015 Granada","37.169756, -3.576506 - En la acera izquierda"
Álvaro,Jiménez Romero,56625976E,735768269,alvarojimenez337@live.com,Alumbrado Público,"Dos farolas fundidas consecutivas en Calle Tablas, justo en la curva peligrosa. Aunque hay otra cerca, ese tramo queda bastante obscuro.",3,2026-01-12T06:11:15+01:00,"Calle Tablas 24, 1ºC, 18004 Granada","37.168974, -3.620477 - En la acera derecha"
Elena,Ruiz Sánchez,68234252Z,925755187,elena_ruiz87@yahoo.es,Limpieza,El contenedor de vidrio de la Plaza Bib-Rambla está lleno con botellas por recoger. Aun queda espacio pero necesita vaciarse en dos días.,2,2026-01-12T06:26:55+01:00,"Acera del Darro 23, 5ºA, 18003 Granada","37.191125, -3.616691 - En la acera izquierda"
Sofía,Hernández Núñez,86869248L,647278362,shernandez433@live.com,Movilidad,Bache pequeño en Camino de Ronda pero hay mucho tráfico en esa zona. Los buses tienen que frenar bruscamente.,2,2026-01-12T12:35:30+01:00,"Carrera del Darro 39, 2ºB, 18006 Granada","37.190338, -3.571360 - Frente al portal 56"
Amparo,Ramírez Cortés,49242623Z,616984940,amparo.ramirez870@live.com,Limpieza,Basura domestica sin recoger hace 3 días en varias aceras de la Calle Recogidas. Bolsas rotas dejando ver restos de comida podrida.,3,2026-01-12T23:10:14+01:00,"Calle Profesor Emilio Orozco 33, 3ºD, 18014 Granada","37.178571, -3.621932 - Junto a la parada de autobús"
Miguel,Vázquez Navarro,75941306K,678195248,miguel.vazquez.navarro@gmail.com,Limpieza,Vertido de pintura industrial en la via publica junto a la puerta de un taller de reformas en calle Panaderos. Mancha extensa que se endurece.,4,2026-01-13T00:54:29+01:00,"Calle Alhamar 60, 3ºA, 18005 Granada","37.173134, -3.617389 - Frente a la farmacia"
Esperanza,Pérez Vázquez,98281609X,973526206,esperanza.perez.vazquez@gmail.com,Parques y Jardines,La tuberia de riego del jardin botánico está dañada en varios puntos. Los rosales y las plantas de sombra no reciben agua suficiente.,3,2026-01-13T05:02:44+01:00,"Avenida de la Constitución 14, 2ºB, 18002 Granada","37.163464, -3.589627 - Frente a la iglesia"
Antonio,Delgado Muñoz,91783605N,712887221,antonio_delgado57@hotmail.com,Mobiliario Urbano,Marquesina parada autobus Calle Recogidas con marco de aluminio deformado y cristales multiplos rotos. Cristales caen del techo.,4,2026-01-13T06:14:16+01:00,"Carrera del Darro 99, 6ºA, 18010 Granada","37.187814, -3.620610 - Frente al supermercado"
Esperanza,Rubio Alonso,43001710J,984774788,erubio826@hotmail.es,Parques y Jardines,En el Parque de la Fuensanta hay ramas gruesas del eucalipto que penden sobre los bancos donde la gente se sientta. Parece que van a caer en cualquier momento.,4,2026-01-13T12:19:15+01:00,"Calle Severo Ochoa 33, 2ºB, 18014 Granada","37.179564, -3.572664 - Junto al colegio"
Elena,Moreno Moreno,52258658J,759403858,elena.moreno956@gmail.com,Otros,Venta ambulante sin autorizacion de bebidas alcohólicas en plazuela de Aliatar. El vendedor agresivo.,2,2026-01-13T15:52:00+01:00,"Plaza Bib-Rambla 44, 2ºA, 18004 Granada","37.182751, -3.595631 - Junto a la fuente"
Rafael,Álvarez Martínez,43622569X,927644299,ralvarez931@live.com,Parques y Jardines,"El cesped del Parque Metropolitano está totalmente sin cortar, mide mas de 20 cm de altura. Hay mala hierba por todas partes.",1,2026-01-13T18:02:18+01:00,"Calle Doctor Olóriz 67, 1ºC, 18003 Granada","37.187922, -3.620325 - Junto a la parada de autobús"
Enrique,Hernández Iglesias,42662029L,968310719,enrique_hernandez95@gmail.com,Movilidad,El semaforo de peatones en la Puerta Real esta intermitente y no cambia de fase correctamente. Los niños no saben cuando cruzar.,3,2026-01-14T00:51:05+01:00,"Plaza de Mariana Pineda 62, 4ºC, 18015 Granada","37.189374, -3.593460 - Al lado del contenedor de reciclaje"
Rubén,Díaz Delgado,21327307M,926576344,ruben_diaz92@gmail.com,Parques y Jardines,Un banco en el jardín de Alixares tiene un lateral roto con clavos salientes que puede causar heridas. Necesita reparación urgente.,2,2026-01-14T02:00:17+01:00,"Paseo de los Tristes 24, 2ºD, 18004 Granada","37.169013, -3.591059 - Frente a la farmacia"
Sofía,Sánchez Flores,20912654L,771101083,sofia.sanchez.flores@gmail.com,Parques y Jardines,El sistema de riego por goteo en el Parque de las Ciencias no funciona correctamente desde hace diez días. Los arbustos ornamentales se estan muriendo.,3,2026-01-14T07:28:41+01:00,"Calle Alcaicería 52, 3ºD, 18014 Granada","37.190555, -3.619738 - Junto a la fuente"
Iván,Álvarez Delgado,86603500J,621744285,ivan_alvarez17@hotmail.com,Movilidad,"Hundimiento importante de la calzada en Avenida Fuerzas Armadas, justo en la zona donde pasan los autobuses urbanos. Es un peligro inmediato.",5,2026-01-14T14:05:18+01:00,"Calle Navas 93, 1ºA, 18013 Granada","37.187887, -3.588840 - Frente a la iglesia"
Pedro,Marín Medina,92011583Z,665972560,pedro.marin.medina@live.com,Limpieza,Bultos con apariencia de residuos electronicos desmantelados (metales pesados) estan en la entrada del colegio concertado San Juan de Dios. Hay partes sueltas a alcance de menores.,5,2026-01-14T15:46:07+01:00,"Avenida de Madrid 99, 1ºC, 18013 Granada","37.180261, -3.587651 - Frente al supermercado"
Miguel,Núñez Gallego,34299632P,926625903,miguel.nunez.gallego@yahoo.es,Limpieza,"Papeles de golosina esparcidos en la acera de la Calle Reyes Católicos, justo frente a la entrada principal. Estan ahi desde hace 2 dias y la gente pasa pisandolos.",1,2026-01-14T21:14:05+01:00,"Calle Tinajilla 83, 1ºC, 18007 Granada","37.168813, -3.574482 - En la acera derecha"
Inés,León Rivera,95477268J,633157604,ines_leon52@live.com,Parques y Jardines,Hay una rama muy grande del roble en el Parque de los Martires que amenaza con caerse sobre la zona de juegos. Ay mucho riesgo para los niños.,4,2026-01-15T01:02:05+01:00,"Calle Obispo Hurtado 13, 3ºC, 18005 Granada","37.165934, -3.616465 - Cerca del cruce con Calle Molinos"
Sara,Prieto Calvo,70238054X,674110154,sara.prieto.calvo@outlook.es,Alumbrado Público,"La farola de la Plazuela del Carmen brilla muy poco, apenas illuminate el area. Es insuficiente para la seguridad de los que pasan por alli.",1,2026-01-15T05:33:14+01:00,"Calle Puentezuelas 50, Bajo A, 18001 Granada","37.199551, -3.610071 - Frente al supermercado"
Raquel,Torres Alonso,58928377P,982973235,raquel_torres26@outlook.es,Alumbrado Público,"La farola numero 47 de la Avenida del Jesuita esta apagada hace semanas. Afortunadamente hay otra no muy lejos, pero aun asi es molesto.",2,2026-01-15T13:01:48+01:00,"Avenida de la Constitución 62, 3ºC, 18013 Granada","37.170587, -3.594601 - Junto a la fuente"
Josefa,Álvarez Castillo,41431307G,953524709,josefa_alvarez34@live.com,Limpieza,"El contenedor de la Avenida del Camino de Ronda está prácticamente lleno, hay bolsas alrededor pero no se ha desbordado aún. Necesita recogida urgente.",2,2026-01-15T14:02:46+01:00,"Carrera del Darro 43, 2ºD, 18003 Granada","37.176679, -3.578499 - Frente a la iglesia"
Diego,Cortés Torres,93044254P,656663657,diego_cortes84@live.com,Limpieza,Vertido de aceite de motor en la vía pública cerca del garaje de la Calle Pavaneras. Se a formado una mancha negra grande que resbala.,4,2026-01-15T15:53:06+01:00,"Carrera del Darro 105, 4ºC, 18011 Granada","37.199740, -3.602452 - Junto a la parada de autobús"
Vicente,León Serrano,88669166A,918763766,vicente.leon.serrano@gmail.com,Limpieza,"Un bolsa de plastico enganchada en la rama del árbol de la Plaza Nueva, lleva alli aproximadamente una semana. Se ve muy fea.",1,2026-01-16T00:27:03+01:00,"Calle Gonzalo Gallas 1, 1ºC, 18006 Granada","37.164773, -3.618724 - Junto al parque infantil"
Javier,Castillo Blanco,53346785X,754845789,jcastillo350@outlook.es,Limpieza,"Acumulación de basura residual en la esquina de Calle Elvira y Calle Navas, consta de bolsas rasgadas, cartones y restos de comida. Lleva 4 dias sin recoger.",3,2026-01-16T01:19:42+01:00,"Avenida de la Constitución 10, 1ºD, 18010 Granada","37.157023, -3.577869 - Junto al colegio"
Raquel,Hernández Medina,99506209K,943232110,rhernandez468@yahoo.es,Movilidad,Cartel informativo de tráfico parcialmente ilegible en Calle Pan. Falta la mitad del texto pero se comprende el mensaje basico.,1,2026-01-16T06:15:15+01:00,"Calle Duquesa 98, 5ºB, 18013 Granada","37.199257, -3.610486 - Junto al paso de peatones"
Silvia,Moya Molina,25143753S,721479963,smoya209@gmail.com,Limpieza,"Restos de construcción (escombros) abandoados en la cuneta de la Avenida de la Constitución, muy peligroso para los vehiculos.",4,2026-01-16T12:35:53+01:00,"Calle Profesor Emilio Orozco 71, 1ºC, 18014 Granada","37.198394, -3.592312 - En la rotonda"
Jorge,Castillo Torres,76162980K,669608175,jorgecastillo35@outlook.es,Movilidad,"Baches multiples en la calle Tablas, zona de San Matías. Los vehiculos se saltan a la acera para evitarlos y eso es muy peligroso.",3,2026-01-16T15:18:36+01:00,"Calle Sierpe 62, 1ºA, 18005 Granada","37.171225, -3.600193 - Frente al portal 16"
Vicente,Rodríguez López,87390425Q,949584572,vicente_rodriguez95@hotmail.es,Alumbrado Público,"Todo el tramo de la Calle de los Labradores entre San Matías y el Mercadillo esta a oscuras completamente. Hay un total de 12 farolas sin funcionar, es impossible ver nada.",4,2026-01-16T16:15:10+01:00,"Plaza Bib-Rambla 10, 5ºA, 18007 Granada","37.193060, -3.607083 - Junto a la parada de autobús"
Álvaro,Delgado Jiménez,90950184L,930862732,alvaro.delgado.jimenez@yahoo.es,Mobiliario Urbano,Papelera Paseo de los Martires con agujero grande en costado y pintura completamente desprendida. Apenas cumple función.,1,2026-01-16T16:34:39+01:00,"Calle Obispo Hurtado 73, 6ºA, 18003 Granada","37.165721, -3.613563 - Junto a la fuente"
Sergio,Rivera Castillo,43111355V,624101678,sergiorivera524@gmail.com,Limpieza,Paquetes vacios de tabaco y envoltorios diversos tirados en la acera de la Calle Marqués de Mondéjar. Apenas ocupan espacio pero afean mucho.,1,2026-01-16T19:38:36+01:00,"Plaza de Mariana Pineda 73, 3ºD, 18007 Granada","37.173690, -3.609043 - Junto al paso de peatones"
Alejandro,López Muñoz,98124721M,964252114,alejandro_lopez96@yahoo.es,Movilidad,"La señal de stop en la esquina de Calle Reyes Católicos y Puentezuelas esta completamente desgastada, no se ve bien desde el coche. Hay riesgo de accidentes.",1,2026-01-17T00:20:10+01:00,"Calle Elvira 61, 1ºB, 18010 Granada","37.166031, -3.598384 - Junto a la fuente"
Lucía,Iglesias Cano,51466251W,772903919,liglesias772@yahoo.es,Alumbrado Público,"Farola en Calle Puentezuelas con luz muy debil y amarillenta. Apenas se distingue el suelo, debería tener más intensidad.",1,2026-01-17T01:01:14+01:00,"Calle Severo Ochoa 73, 5ºA, 18012 Granada","37.161027, -3.617937 - Junto al paso de peatones"
Teresa,Romero Sánchez,23885671X,696480156,teresa_romero96@gmail.com,Limpieza,"Tres contenedores llenos en la Calle San Antón, no caben mas bolsas adentro y hay basura esparcida alrededor. Necesita recogida inmediata.",3,2026-01-17T07:00:38+01:00,"Calle Alhamar 91, 2ºB, 18010 Granada","37.197614, -3.604412 - Cerca del cruce con Calle Profesor Emilio Orozco"
Marta,Muñoz Rodríguez,47397379Z,985277200,marta_munoz23@live.com,Movilidad,"Hay un bache de unos 30 cm en la Avenida de la Constitución, frente al Corte Inglés. Los coches saltan al pasar.",2,2026-01-17T10:25:21+01:00,"Calle Gonzalo Gallas 81, 4ºB, 18001 Granada","37.159162, -3.609637 - En la mediana de la avenida"
Josefa,Ramos Cortés,68489468E,918245853,josefaramos192@gmail.com,Parques y Jardines,El pasto del Parque de la Constitución no a sido segado en un mes. Esta lleno de maleza y parece un terreno abandonado.,1,2026-01-17T19:34:39+01:00,"Calle Tablas 12, 4ºC, 18014 Granada","37.188176, -3.588325 - A la altura del número 53"
Amparo,Núñez Gutiérrez,57656805Z,974903906,amparo.nunez.gutierrez@hotmail.com,Mobiliario Urbano,"Bolardo decorativo acera Calle Navas arrancado y faltando, dejando vacio en la alineacion. Peligro para trafico peatonal.",4,2026-01-17T19:37:44+01:00,"Calle Tablas 53, 1ºC, 18006 Granada","37.186000, -3.580116 - Junto al quiosco de prensa"
Alberto,Molina Rodríguez,54098849C,777000081,alberto_molina96@gmail.com,Alumbrado Público,"Hay 4 farolas rotas seguidas en Paseo de los Tristes, sin iluminacion. La zona queda muy mal iluminada y no es seguro pasar por alli.",3,2026-01-17T19:52:50+01:00,"Calle Reyes Católicos 76, 1ºB, 18001 Granada","37.163862, -3.608508 - Bajo la marquesina del autobús"
Alicia,Garrido Romero,90263320G,662810906,alicia.garrido715@gmail.com,Parques y Jardines,Los bancos del jardin de la Tana tienen listones flojos y astillados. Varias personas se han quejado de rasguños al sentarse.,2,2026-01-17T22:32:41+01:00,"Camino de Ronda 63, 5ºB, 18007 Granada","37.156939, -3.623424 - En la rotonda"
Paula,Cano Díaz,80752146C,674832004,pcano965@outlook.es,Movilidad,El semáforo de la Puerta Real parpadea constantemente en rojo. Los conductores no saben si pueden avanzar o no.,3,2026-01-18T00:54:22+01:00,"Calle Tinajilla 46, 6ºA, 18004 Granada","37.195644, -3.596133 - Junto al parque infantil"
Diego,Marín Sánchez,60002418H,961847287,diego.marin.sanchez@yahoo.es,Movilidad,El semaforo principal en la interseccion de Gran Via y Calle Elvira esta completamente apagado. El trafico esta colapsado.,4,2026-01-18T05:06:36+01:00,"Calle Alhamar 92, 3ºA, 18015 Granada","37.197312, -3.601677 - En la rotonda"
Fernando,Castro Castillo,65894847P,627761747,fcastro730@gmail.com,Limpieza,"Vertido de sustancia quimica desconocida en la calle Profesor López Argüeta, a 50 metros del Colegio Público San Fernando. Huele muy fuerte y hay un área con color amarillento.",5,2026-01-18T07:02:16+01:00,"Calle Recogidas 85, Bajo B, 18006 Granada","37.155942, -3.611102 - Junto al centro de salud"
Esperanza,Núñez García,62043918S,730331946,esperanza.nunez.garcia@live.com,Limpieza,"El contenedor de reciclaje en la Avenida de la República Argentina está a mitad de capacidad pero necesita limpieza por fuera, tiene manchas oscuras.",2,2026-01-18T15:28:47+01:00,"Plaza Bib-Rambla 9, 5ºB, 18008 Granada","37.168462, -3.611301 - Junto al paso de peatones"
Amparo,Delgado Prieto,68792495R,928845415,amparodelgado377@gmail.com,Limpieza,"Bolsas de basura rota en la acera de la Calle Mesones, hay comida en descomposición y huele mal desde hace varios dias. Los acer caes están llenos de insectos.",3,2026-01-19T04:08:42+01:00,"Calle Molinos 82, 1ºB, 18009 Granada","37.181468, -3.597993 - En la acera izquierda"
Juan,Cortés Calvo,34204781D,971780532,juan_cortes81@gmail.com,Limpieza,"Un charco de liquido rojo-marrón (aparente pintura o producto toxico) en el pavimento de la Calle Princesa, debajo del balcón del edificio numero 34.",4,2026-01-19T19:11:12+01:00,"Acera del Darro 95, 3ºC, 18011 Granada","37.162308, -3.600904 - Frente al portal 28"
Alicia,Jiménez Serrano,13864876Q,656717355,alicia_jimenez30@gmail.com,Limpieza,Papeletas publicitarias y folletos abandonados en la entrada de la estacion de autobuses. Son demasiadas y forman un monton.,2,2026-01-20T06:26:32+01:00,"Calle Mesones 116, 1ºC, 18013 Granada","37.181754, -3.604799 - En la mediana de la avenida"
Carmen,Iglesias Vázquez,74142110T,759893042,carmen.iglesias.vazquez@gmail.com,Alumbrado Público,"Un transformer electrico deteriorado esta conectado a una farola en la Calle Acera del Darro, hay riesgo de cortocircuito o descarga. Es urgente repararlo.",5,2026-01-20T08:45:05+01:00,"Paseo de los Tristes 65, 2ºC, 18001 Granada","37.181207, -3.577415 - Bajo la marquesina del autobús"
Cristina,Sanz Calvo,85511727G,990026142,cristina.sanz.calvo@hotmail.com,Parques y Jardines,La red de riego del Parque de la Magdalena esta rota en varios puntos de conexion. Las fuentes ornamentales no tienen agua y las flores se marchitan.,3,2026-01-20T14:45:26+01:00,"Acera del Darro 8, 1ºC, 18002 Granada","37.177710, -3.623664 - A la altura del número 49"
Ramón,Ramos Domínguez,53658031C,987725648,rramos399@live.com,Alumbrado Público,"La farola enfrente del edificio de la Universidad esta fundida, pero hay varias otras cercanas dando luz. No es grave pero si notorio.",2,2026-01-20T14:54:09+01:00,"Plaza de Mariana Pineda 100, Bajo A, 18009 Granada","37.192637, -3.600073 - Al lado del contenedor de reciclaje"
Rafael,Hernández Blanco,55287230Z,671116328,rhernandez762@yahoo.es,Limpieza,"Basura acumulada en el patio trasero del Colegio Rural ""Los Alpujarreños"" en la Avenida Fuero de Córdoba, con botellas rotas y materiales peligrosos.",5,2026-01-20T14:54:21+01:00,"Paseo del Salón 46, 3ºD, 18004 Granada","37.169933, -3.573158 - Frente al supermercado"
Irene,González Vázquez,39145065P,615091756,irene_gonzalez54@gmail.com,Limpieza,"Envoltorios de comida rápida en el suelo junto al Parque de los Martires, apenas algunos pero estan justo en el camino principal.",1,2026-01-20T15:59:53+01:00,"Calle Severo Ochoa 36, 6ºA, 18013 Granada","37.181158, -3.601287 - En la rotonda"
Marta,Gómez Sánchez,37906889Z,648413818,mgomez829@outlook.es,Parques y Jardines,En el Parque de la Cartuja hay dos ramas principales del nogal que estan a punto de caer y pueden golpear la zona de descanso. Es muy peligroso.,4,2026-01-20T17:31:29+01:00,"Calle Profesor Emilio Orozco 41, 1ºD, 18001 Granada","37.180495, -3.583648 - Junto al colegio"
Rubén,Núñez Rodríguez,49079054K,947715677,ruben_nunez54@gmail.com,Limpieza,"Tuberias reventadas con aguas residuales en la Calle Alhacaba, han creado un charco grande en la acera que afecta el paso de peatones.",4,2026-01-20T19:46:56+01:00,"Calle Gonzalo Gallas 97, 3ºB, 18003 Granada","37.170198, -3.602424 - Frente al supermercado"
Luis,Moreno Alonso,30050636D,624040560,lmoreno903@yahoo.es,Limpieza,Contenedores de vidrio y orgánico en la Calle Santa Escolástica algo llenos pero sin desbordar. La zona alrededor está un poco sucia pero nada grave.,2,2026-01-21T00:49:14+01:00,"Calle Duquesa 7, 5ºB, 18007 Granada","37.184934, -3.609756 - Junto al centro de salud"
Sergio,Castillo Blanco,97826630V,642407337,sergio.castillo.blanco@gmail.com,Limpieza,"Acumulación de ramas, maderas y escombros en la Calle Fajardo desde hace casi una semana. Está afectando la accesibilidad.",3,2026-01-21T06:50:32+01:00,"Calle Severo Ochoa 111, 2ºA, 18015 Granada","37.164541, -3.612933 - Al lado del contenedor de reciclaje"
Marta,Sánchez Herrera,90226200Y,980526853,marta.sanchez.herrera@live.com,Limpieza,Liquidos desconocidos (posiblemente quimicos industriales) cerca del patio de la Escuela Infantil María del Mar en la Calle Virgen de Belen. Hay mal olor intenso.,5,2026-01-21T10:36:53+01:00,"Plaza de Mariana Pineda 56, 3ºD, 18011 Granada","37.198006, -3.596918 - Frente al supermercado"
Óscar,López García,87959339W,731656311,olopez299@hotmail.com,Parques y Jardines,El cesped del Parque Estadio está crecido de forma irregular con zonas de hasta 25 cm de altura y mucha maleza invasora. Necesita mantenimiento inmediato.,1,2026-01-21T10:47:21+01:00,"Calle Neptuno 77, 2ºA, 18012 Granada","37.195495, -3.570937 - Junto a la fuente"
Alejandro,Muñoz Hernández,60049834P,647436666,alejandromunoz15@gmail.com,Parques y Jardines,Hay varios bancos de hormigon en el Paseo de los Mártires con la madera de apoyo suelta y defectuosa. El riesgo de caida es real.,2,2026-01-21T21:54:43+01:00,"Calle Ángel Ganivet 65, Bajo B, 18010 Granada","37.199619, -3.593420 - Junto a la fuente"
Rafael,Garrido Castro,78682937Y,956179028,rafael.garrido.castro@outlook.es,Alumbrado Público,"La farola en la esquina de Calle Navas con Puerta Real esta con la luz muy debil, apenas se ve el suelo cuando paso por ahi de noche.",1,2026-01-22T04:10:00+01:00,"Carrera del Darro 106, Bajo B, 18007 Granada","37.165913, -3.611835 - Frente al portal 55"
Juan,Medina Ramírez,50381493Q,930705425,juan.medina.ramirez@gmail.com,Alumbrado Público,"Farola fundida en Avenida de la Constitucion numero 45, pero hay otra funcional a unos 30 metros, no es peligroso.",2,2026-01-22T05:21:54+01:00,"Gran Vía de Colón 85, 5ºA, 18008 Granada","37.159804, -3.584022 - Al lado del contenedor de reciclaje"
Carlos,Cano Pérez,74464162Y,917425020,carlos_cano49@gmail.com,Parques y Jardines,El sistema de riego automatico del Parque de la Inmaculada lleva sin funcionar 15 días. Todo esta seco y las coníferas comenzan a sufrir daños.,3,2026-01-22T10:33:05+01:00,"Calle Recogidas 92, 1ºD, 18002 Granada","37.161209, -3.612694 - Junto al colegio"
Paula,Gallego Gutiérrez,54207685C,952069067,paulagallego567@hotmail.es,Otros,Olor a gas muy fuerte en el sotano del edificio de Calle Reyes Católicos 12. Hay peligro de explosion.,5,2026-01-22T14:24:02+01:00,"Calle Duquesa 11, Bajo A, 18002 Granada","37.192589, -3.571397 - En la acera izquierda"
Alberto,Sánchez Gallego,60025640X,973710057,asanchez149@gmail.com,Movilidad,"Se ha abierto un socavón enorme en la Calle Ángel Ganivet, justo en medio de la vía. Es un peligro grave para todo tipo de vehículo.",5,2026-01-22T21:44:06+01:00,"Calle Severo Ochoa 74, 2ºD, 18014 Granada","37.189542, -3.619329 - Al lado del contenedor de reciclaje"
Daniel,Jiménez Vázquez,76833674N,617433984,danieljimenez608@gmail.com,Limpieza,"Unos papeles sueltos del periodico en la acera de la Calle Tablas, nada relevante pero que mejoraría la limpieza general de la zona.",1,2026-01-22T21:50:35+01:00,"Calle Gracia 115, 5ºA, 18013 Granada","37.197802, -3.606710 - Frente a la farmacia"
Pedro,Núñez Moreno,67714711C,696907204,pedro_nunez22@live.com,Alumbrado Público,"¡Calle Elvira completamente a oscuras! Las luces llevan semanas apagadas entre la Puerta de Elvira y Plaza Nueva, es imposible transitar de noche sin peligro.",4,2026-01-23T07:51:44+01:00,"Avenida de Madrid 30, 1ºB, 18012 Granada","37.162822, -3.584298 - En la mediana de la avenida"
Laura,Molina Gómez,18766146D,676887170,laura.molina.gomez@hotmail.es,Mobiliario Urbano,Banqueta madera Mirador San Nicolas con barniz descascarillado y varias esquinas rotas. Incómodo y poco seguro.,2,2026-01-23T07:57:32+01:00,"Calle Duquesa 8, 2ºD, 18015 Granada","37.168044, -3.581461 - Al lado del contenedor de reciclaje"
Alicia,Jiménez Herrera,58854378T,653531711,alicia.jimenez317@hotmail.com,Parques y Jardines,"El cesped del parque de la Fuente del Triunfo esta muy crecido hace semanas, afecta a la estetica pero los niños aun pueden jugar. Seria bueno cortarlo pronto.",1,2026-01-23T14:45:22+01:00,"Calle Zacatín 23, 5ºA, 18003 Granada","37.181322, -3.592403 - Junto a la parada de autobús"
Marta,Gutiérrez Flores,27918018C,968590064,marta.gutierrez.flores@yahoo.es,Limpieza,"Envoltorios de plastco y papeles desperdigados en la acera de la calle Reyes Católicos, frente al mercado. Hace unos dias que esta asi.",2,2026-01-23T17:16:55+01:00,"Camino de Ronda 59, 6ºA, 18014 Granada","37.163319, -3.585896 - Junto al colegio"
Raquel,Molina Blanco,59314006L,987330837,raquel.molina.blanco@gmail.com,Movilidad,La línea blanca divisoria en la Avenida de la República Argentina está borrosa y casi no se ve. Los conductores cambian de carril sin avisar.,1,2026-01-23T18:17:48+01:00,"Plaza Bib-Rambla 52, 4ºC, 18015 Granada","37.174749, -3.578447 - En la acera derecha"
Iván,León Vázquez,75373240D,912820677,ivanleon985@gmail.com,Movilidad,Pequeno bache en calle Caldería Nueva que causa vibración en motos y scooters. No es peligroso pero incomodo.,2,2026-01-24T06:09:10+01:00,"Avenida de la Constitución 102, 3ºB, 18014 Granada","37.197434, -3.582931 - Junto al centro de salud"
Pablo,Romero Marín,37415823K,643716027,pabloromero556@gmail.com,Mobiliario Urbano,Señal informativa turistica acera Principal con poste aflojado y oscilante al viento. Podria caer sobre personas.,5,2026-01-24T10:48:15+01:00,"Calle Alcaicería 19, 5ºA, 18003 Granada","37.193263, -3.622466 - Junto a la parada de autobús"
Daniel,García Cano,89979770K,952931776,daniel_garcia70@hotmail.com,Alumbrado Público,"Cable electrico colgando peligrosamente en Calle San Jeronimo, entre dos farolas. Podria causar un accidente grave o quemaduras.",5,2026-01-24T14:58:56+01:00,"Calle Neptuno 74, 5ºA, 18015 Granada","37.173223, -3.570943 - Junto a la fuente"
Luis,Núñez Rivera,98467089H,961049706,luis_nunez28@gmail.com,Limpieza,"Papeletas electorales y periódicos viejos acumulados en la esquina de la Plaza Nueva, junto a la papelera rota.",1,2026-01-24T17:26:10+01:00,"Avenida de Cervantes 21, 1ºC, 18001 Granada","37.190239, -3.582532 - Cerca del cruce con Calle Arabial"
Dolores,Navarro González,33497711M,781108670,dnavarro933@gmail.com,Movilidad,El semáforo peatonal en Plaza Nueva intermitea constantemente sin sincronizarse con el vehicular. Los peatones estan confundidos.,3,2026-01-25T01:06:17+01:00,"Calle Pedro Antonio de Alarcón 65, 2ºD, 18002 Granada","37.160799, -3.593681 - En la mediana de la avenida"
Rubén,Moya Cortés,55514702Q,679724820,ruben.moya.cortes@hotmail.es,Limpieza,"Contenedor de reciclaje completamente lleno en la Avenida del Hospicio, con cartones saliendo por los lados. No cabe nada más.",2,2026-01-25T01:09:36+01:00,"Calle Puentezuelas 19, 2ºC, 18008 Granada","37.168754, -3.585393 - Junto al paso de peatones"
Teresa,Rivera Medina,52691717M,929523566,teresa.rivera257@gmail.com,Limpieza,Basura acumulada en el solar abandonado junto a la Iglesia de San Román hace casi una semana. Hay ratas.,3,2026-01-25T04:30:40+01:00,"Avenida de la Constitución 87, 1ºD, 18013 Granada","37.176555, -3.615114 - Frente a la farmacia"
Óscar,Martínez Jiménez,55367985Q,918793951,oscar.martinez.jimenez@gmail.com,Limpieza,"Bolsa rota con botellas de vidrio rotas en la acera de la calle Navas, muy peligroso para los niños.",2,2026-01-25T06:12:38+01:00,"Acera del Darro 43, 3ºA, 18012 Granada","37.191125, -3.587284 - En la esquina con Calle San Antón"
Fernando,Molina Prieto,83114319R,792138286,fernando_molina94@hotmail.com,Movilidad,El semaforo de trafico en la salida de la autopista A-7 está totalmente fuera de servicio. Ha habido varios casi-accidentes.,4,2026-01-25T09:16:39+01:00,"Calle Gracia 106, 3ºA, 18015 Granada","37.172654, -3.593866 - A la altura del número 29"
Elena,Domínguez Medina,47507450F,959745975,elenadominguez735@gmail.com,Alumbrado Público,"La bombilla de la farola en paseo de los Martires ha dejado de funcionar, pero ay otra cerca en la plaza de Mariana Pineda.",2,2026-01-25T12:40:12+01:00,"Calle Elvira 90, Bajo B, 18007 Granada","37.193932, -3.616295 - Junto a la parada de autobús"
Nuria,Herrera Romero,80938115B,987798424,nherrera442@hotmail.com,Movilidad,Se ha formado un socavón de más de 1 metro en la Calle San Juan de Dios. Los autobuses deben rodear la zona.,5,2026-01-25T13:08:36+01:00,"Calle Mesones 25, 6ºA, 18003 Granada","37.172301, -3.623874 - A la altura del número 28"
David,García Guerrero,95026756W,945450182,davidgarcia262@hotmail.es,Otros,Plaga de cucarachas en el patio comun. Estan invadiendo los departamentos de varios vecinos.,3,2026-01-25T14:56:33+01:00,"Calle Doctor Olóriz 60, 2ºA, 18005 Granada","37.159337, -3.619060 - En la acera izquierda"
Elena,Cano González,10495331V,654064449,elena.cano813@yahoo.es,Parques y Jardines,"En el Jardín de los Mártires hay un banco con varios listones sueltos en el respaldo, no es peligroso pero esta incomodo para sentarse.",2,2026-01-26T02:53:46+01:00,"Plaza Bib-Rambla 98, 3ºB, 18013 Granada","37.187097, -3.590414 - Junto al paso de peatones"
Adrián,Prieto Torres,26189105V,934932621,adrian.prieto356@live.com,Otros,"Perro grande suelto en Parque de las Ciencias sin dueño aparente, atacó a un niño pequeño hace poco.",5,2026-01-26T02:56:18+01:00,"Calle Arabial 79, 5ºA, 18009 Granada","37.165972, -3.614798 - Junto a la parada de autobús"
Álvaro,Hernández Marín,33525073C,966027013,ahernandez896@hotmail.com,Alumbrado Público,Tres farolas consecutivas sin luz en el tramo de Calle Recogidas entre Gran Via y Plaza de la Trinidad. Los peatones tienen dificultad para caminar.,3,2026-01-26T08:41:29+01:00,"Plaza de Mariana Pineda 72, 1ºA, 18003 Granada","37.186987, -3.580499 - En la rotonda"
Ana,Marín Iglesias,49163431B,687174234,ana_marin89@gmail.com,Movilidad,La señal de dirección prohibida en Calle Navas tiene las letras borrosas pero todavía se puede leer con dificultad.,1,2026-01-26T12:55:20+01:00,"Calle Reyes Católicos 80, 3ºC, 18001 Granada","37.171636, -3.624591 - En la acera izquierda"
Josefa,López Moya,53239123B,940495708,josefa.lopez552@live.com,Alumbrado Público,"Farola en Avenida Fuente Nueva con iluminacion muy pobre, la luz titila constantemente y apenas ilumina la calle, necesita revisoion.",1,2026-01-26T18:45:55+01:00,"Calle Obispo Hurtado 41, 5ºA, 18003 Granada","37.198925, -3.581091 - En la mediana de la avenida"
Inés,Ramos Herrera,33558451W,734667417,ines.ramos.herrera@gmail.com,Alumbrado Público,¡URGENTE! Calle Almona completamente sin luz desde la interseccion con Calle Agua hasta la de San Juan de Dios. Zona muy insegura.,4,2026-01-26T21:32:26+01:00,"Calle Gonzalo Gallas 92, Bajo A, 18001 Granada","37.199852, -3.587369 - En la rotonda"
Sergio,Moreno Cortés,39415452F,718101280,sergiomoreno661@outlook.es,Movilidad,Hay dos baches medianos consecutivos en la Avenida Fuentenueva frente a la Universidad. Muchos ciclistas lo evitan.,2,2026-01-26T22:45:36+01:00,"Calle Real de Cartuja 52, 5ºB, 18006 Granada","37.195639, -3.579291 - En la esquina con Calle Alhamar"
Josefa,Ramos Vázquez,76962337J,990289031,josefa_ramos12@hotmail.es,Movilidad,"El semaforo en la rotonda de Los Escolios está defectuoso, a veces parpadea amarillo. Los conductores no saben qué hacer.",3,2026-01-27T00:49:12+01:00,"Calle Molinos 117, 2ºC, 18010 Granada","37.197517, -3.611356 - Junto a la parada de autobús"
Sofía,Martínez Garrido,35093067N,625158479,sofia_martinez38@outlook.es,Movilidad,El semáforo principal en el cruce de Recogidas y Gran Vía se a quedado fijo en rojo para los vehículos. El tráfico no circula.,4,2026-01-27T01:09:15+01:00,"Calle Mesones 25, 1ºB, 18013 Granada","37.185507, -3.581493 - Frente a la iglesia"
Teresa,Gómez Pérez,81033564X,954687027,tgomez684@gmail.com,Alumbrado Público,"Hay un cable electrico caido sobre la acera en Camino de Ronda, justo detras del Barrio del Albaicin. Muy peligroso para los vecinos.",5,2026-01-27T01:19:56+01:00,"Paseo de los Tristes 78, 1ºD, 18008 Granada","37.164679, -3.592887 - Junto a la parada de autobús"
Sofía,Ramos Gil,11563019E,711432475,sofia_ramos45@live.com,Otros,Grafiti con siluetas de desnudos en la puerta de entrada al colegio. Ambiente inapropiado para los niños.,2,2026-01-27T02:45:38+01:00,"Calle Recogidas 59, Bajo A, 18009 Granada","37.167641, -3.582863 - Junto a la parada de autobús"
Jorge,Díaz Cano,92471562Q,757442677,jorge.diaz652@hotmail.es,Movilidad,Socavon profundo en mitad de la Calle Almireceros que ha dañado las tuberias de agua. Hay agua brotando del asfalto.,5,2026-01-27T14:36:59+01:00,"Calle Tablas 8, 1ºB, 18003 Granada","37.198742, -3.609641 - En la esquina con Calle Alhamar"
Daniel,Jiménez Castillo,46930717E,770675233,daniel_jimenez84@live.com,Alumbrado Público,"La iluminacion en Calle Atarazanas es minima, la farola brilla poco y cuesta trabajo ver bien por la noche.",1,2026-01-27T19:02:02+01:00,"Calle Recogidas 85, 4ºC, 18003 Granada","37.166843, -3.591732 - Frente al supermercado"
Pedro,Cano Gil,42243265Q,695018743,pedrocano10@live.com,Alumbrado Público,"Dos farolas apagadas en Avenida de los Poetas, una frente a la biblioteca municipal y otra 50 metros mas adelante. Necesita solucion rapida.",3,2026-01-28T01:31:29+01:00,"Plaza de Mariana Pineda 71, 1ºA, 18015 Granada","37.166411, -3.588881 - Junto a la parada de autobús"
Alberto,González Flores,10688776D,654341626,agonzalez439@live.com,Parques y Jardines,El sistema de riego del parque Virgen del Carmen no funciona correctamente desde hace 10 dias. Los arboles enanos de limon estan sufriendo y se ve el pasto amarillento.,3,2026-01-28T05:35:32+01:00,"Camino de Ronda 92, 4ºB, 18007 Granada","37.187518, -3.581423 - Junto al parque infantil"
Elena,Cano Molina,83630413K,633556003,elena_cano70@outlook.es,Limpieza,"Mancha grande de aceite en la calle Calderería Vieja, justo en una zona de paso frecuente. Debe haber havido algun escape de vehiculo.",4,2026-01-28T10:46:33+01:00,"Avenida de Dílar 48, 4ºA, 18013 Granada","37.192391, -3.621174 - En la rotonda"
Pablo,Díaz Ortiz,46892113N,951122435,pablodiaz294@outlook.es,Movilidad,"La señal de velocidad máxima en la entrada de la barriada del Albaicín tiene musgo y es difícil leerla, pero aun se distingue el numero.",1,2026-01-29T06:18:07+01:00,"Calle Navas 94, 4ºC, 18012 Granada","37.164235, -3.598489 - En la esquina con Carrera del Darro"
Pablo,Álvarez Sanz,49312077P,619537619,pablo.alvarez48@live.com,Parques y Jardines,"Hay una rama muy gruesa colgando en el parque de Aynadamar, parece que en cualquier momento puede caer. Tiene mas de un metro de largo y es peligroso para los peaton.",4,2026-01-29T08:19:07+01:00,"Calle Profesor Emilio Orozco 42, 6ºA, 18014 Granada","37.189150, -3.618100 - En la mediana de la avenida"
Fernando,López León,50279941D,755036044,fernando.lopez.leon@hotmail.com,Limpieza,Papeles de caramelos y chicles pegados en varios árboles de la Avenida de la República Argentina.,1,2026-01-29T08:24:46+01:00,"Calle Zacatín 15, 6ºA, 18005 Granada","37.190399, -3.573347 - Frente al portal 7"
Pedro,Rubio Pérez,79479853H,641215516,pedrorubio608@gmail.com,Limpieza,"Vertido de liquido verde oscuro y nauseabundo en la cuneta de la calle Arabial, cerca de la guarderia municipal. Huele muy mal y no se sabe qué es.",5,2026-01-29T14:24:28+01:00,"Paseo de los Tristes 77, 6ºA, 18009 Granada","37.188521, -3.580825 - Bajo la marquesina del autobús"
Ana,Garrido Iglesias,30688278E,932966185,ana.garrido109@gmail.com,Mobiliario Urbano,Papelera Puerta Real oxidada con hendidura vertical grande y base corroida. No se puede usar correctamente.,1,2026-01-29T15:26:23+01:00,"Calle Elvira 115, 1ºD, 18007 Granada","37.159785, -3.596528 - Frente al portal 69"
Sara,Ramos Blanco,39852639X,752018122,sara.ramos.blanco@hotmail.com,Limpieza,Contenedores de la zona de Albaicín apilados incorrectamente bloqueando parcialmente la circulación peatonal en la calle Nuevo Post.,2,2026-01-29T21:05:53+01:00,"Calle Gracia 81, 1ºD, 18014 Granada","37.159854, -3.610626 - En la esquina con Acera del Darro"
Cristina,Delgado Delgado,46253430Q,989146360,cristina_delgado74@hotmail.es,Limpieza,"Restos de comida en descomposición bajo el puente del Genil, acumulados desde hace 4-5 dias. Atrae plagas.",3,2026-01-29T23:03:28+01:00,"Calle Tinajilla 67, 4ºA, 18012 Granada","37.163622, -3.576264 - En la acera derecha"
Carmen,Rivera Ortiz,41942212X,783098152,carmen_rivera26@live.com,Movilidad,Bache de tamaño medio en calle Oficios que ha roto la amortiguacion de varios vehiculos segun los vecinos.,2,2026-01-29T23:42:20+01:00,"Calle Ángel Ganivet 104, 1ºD, 18003 Granada","37.158918, -3.624899 - Junto a la fuente"
Teresa,Rivera Molina,13558736Y,739386753,teresa_rivera98@gmail.com,Otros,"Botellón masivo cada viernes en la Puerta Real con más de 200 jóvenes. Rotura de botellas, ruido y suciedad.",4,2026-01-30T00:30:53+01:00,"Calle Gracia 100, 2ºB, 18006 Granada","37.158594, -3.577973 - En la rotonda"
Pedro,Rubio García,78071757M,925426955,prubio227@gmail.com,Alumbrado Público,"Farola fundida en Plaza de Bib-Rambla numero 8, pero habia otra iluminando la zona a corta distancia, no es grave.",2,2026-01-30T07:38:33+01:00,"Calle Ángel Ganivet 110, 2ºA, 18003 Granada","37.159033, -3.593299 - A la altura del número 56"
Juan,Iglesias Vázquez,45275132T,648780122,juan.iglesias.vazquez@gmail.com,Movilidad,El semaforo peatonal en calle Zacatin parpadea verde constantemente sin parar. Los peatones cruzan sin seguridad.,3,2026-01-30T08:10:51+01:00,"Calle Arabial 26, 4ºB, 18005 Granada","37.186283, -3.600524 - Junto a la parada de autobús"
María,Núñez Ortiz,25935494G,918923155,mnunez796@yahoo.es,Alumbrado Público,"Calle Tablas esta totalmente a oscuras desde hace 10 dias, no se ve nada de noche y da mucho miedo andar por ahi.",4,2026-01-30T10:08:48+01:00,"Calle Puentezuelas 35, 2ºC, 18002 Granada","37.182237, -3.574453 - En la acera derecha"
Raquel,Moya Torres,55201931E,795229284,raquel.moya.torres@hotmail.com,Movilidad,El semáforo vehicular en la intersección de Paseo de los Mártires y Calle Paz está apagado completamente. Hay caos de tráfico.,4,2026-01-30T12:53:03+01:00,"Calle Sierpe 65, 3ºC, 18001 Granada","37.164779, -3.605144 - Frente a la iglesia"
Alejandro,Torres Gallego,28437048D,755393581,alejandrotorres103@gmail.com,Limpieza,Papeleta de votación y envoltorios de snacks en la parada de autobus de la calle Gran Vía.,1,2026-01-30T14:58:56+01:00,"Calle Gracia 116, 6ºA, 18009 Granada","37.178851, -3.570670 - Junto al paso de peatones"
Josefa,Jiménez Gil,43578020N,662025603,josefa_jimenez86@hotmail.com,Alumbrado Público,"Cable electrico expuesto y parcialmente caido en la Avenida del Hospicio, cerca del semaforo. Riesgo de electrocucion inmediato.",5,2026-01-30T15:29:37+01:00,"Gran Vía de Colón 58, 1ºB, 18008 Granada","37.191192, -3.609373 - Junto al paso de peatones"
Marta,Medina González,22089389M,996354377,martamedina738@live.com,Movilidad,Gran socavón en la Avenida Caja de Ahorros con rotura de alcantarilla. Es un peligro inminente para todos los vehículos.,5,2026-01-31T00:01:13+01:00,"Calle Obispo Hurtado 84, 2ºA, 18011 Granada","37.193085, -3.597602 - Frente al supermercado"
Paula,Navarro Castillo,28166168T,670093062,paulanavarro88@live.com,Movilidad,"La señal de límite de velocidad en Calle Reyes Católicos está completamente desgastada, se ve la pintura desconchada pero todavía se distingue el número. Lleva así varios meses.",1,2026-01-31T00:13:27+01:00,"Calle San Juan de Dios 61, 2ºA, 18009 Granada","37.157541, -3.594505 - Junto al parque infantil"
Jesús,Vázquez González,89625910Q,677303201,jesus.vazquez602@gmail.com,Movilidad,"Hay un bache de unos 30 cm en la Avenida del Hospicio, la zona está marcada con cal pero nadie lo a reparado. Los coches tienen que esquivarlo.",2,2026-01-31T01:11:58+01:00,"Avenida de Dílar 100, 3ºC, 18006 Granada","37.177487, -3.591857 - Bajo la marquesina del autobús"
Mercedes,Romero Domínguez,46545745R,928692199,mromero747@hotmail.es,Limpieza,Tuberias rotas en la calle Acera del Darro con liquido oscuro fluyendo hacia la calle. Puede ser contamhinacion quimica.,5,2026-01-31T05:09:40+01:00,"Calle Alcaicería 105, 2ºC, 18005 Granada","37.181258, -3.609266 - Junto al paso de peatones"
Jesús,Herrera Muñoz,75129349X,661112120,jherrera440@gmail.com,Movilidad,"El semáforo de la intersección de Gran Via y Calle Acera del Darro está parpadeando en rojo continuamente, los peatones no entienden si pasar o no. Muy confuso.",3,2026-01-31T16:37:37+01:00,"Calle Profesor Emilio Orozco 79, 3ºA, 18006 Granada","37.192805, -3.583204 - Junto al quiosco de prensa"
Mercedes,Rivera Hernández,56474000F,683960660,mercedes_rivera73@yahoo.es,Parques y Jardines,"Un arbol centenario se ha caido completamente en el Paseo de los Martires bloqueando el camino principal. Nadie puede pasar, es muy peligroso.",5,2026-01-31T23:00:02+01:00,"Calle Tablas 98, 3ºD, 18012 Granada","37.168638, -3.571126 - Junto al quiosco de prensa"
Josefa,Prieto León,39609492L,614278172,josefaprieto497@gmail.com,Parques y Jardines,La zona de juegos infantiles en el parque de Colón tiene las plantas muy altas y salvajes. El cesped sin cortar desde hace un mes parece una jungla pequeña.,1,2026-02-01T03:40:10+01:00,"Calle Pedro Antonio de Alarcón 28, 2ºC, 18011 Granada","37.173901, -3.595380 - Cerca del cruce con Calle Tinajilla"
Mercedes,Guerrero Castro,33493248G,913816134,mercedesguerrero388@hotmail.com,Alumbrado Público,"La bombilla de la farola en Calle Duomo esta muy debil, emite una luz amarillenta y apagada que apenas sirve para alumbrar.",1,2026-02-01T11:05:56+01:00,"Calle Reyes Católicos 50, 1ºB, 18009 Granada","37.183491, -3.621905 - Cerca del cruce con Calle Obispo Hurtado"
Vicente,Guerrero Núñez,30462338B,651768829,vicente_guerrero23@hotmail.com,Otros,"Gatos ferales decimonónicos en la azotea, hacen ruidos de batalla cada noche y sprecan la zona.",2,2026-02-01T12:08:35+01:00,"Calle Profesor Emilio Orozco 7, 6ºA, 18009 Granada","37.167565, -3.585618 - Bajo la marquesina del autobús"
Carmen,Calvo García,62440935Y,632809674,carmen.calvo.garcia@gmail.com,Movilidad,"Socavón enorme en la calzada de Avenida de la Constitución, justo donde convergen 3 calles principales. Mide más de 1,5 metros y varios conductores han sufrido daños en sus vehiculos.",5,2026-02-01T12:33:51+01:00,"Avenida de Madrid 22, 5ºB, 18015 Granada","37.179989, -3.575394 - En la acera derecha"
Cristina,Rivera Ramírez,88238337X,611521846,crivera948@gmail.com,Movilidad,La línea de aparcamiento amarilla en la Plaza de Gracia está tan desgastada que apenas se ve. Necesita repintarse pero es solo cosmético.,1,2026-02-01T16:09:22+01:00,"Calle Mesones 54, 2ºC, 18006 Granada","37.174343, -3.588820 - Junto al centro de salud"
Adrián,Marín Gil,31036432W,984156506,adrian_marin81@gmail.com,Alumbrado Público,Cuatro farolas apagadas en el paseo junto al Rio Darro desde Puerta de los Mártires hasta la zona de la Ermita del Valle. Tramo muy oscuro.,3,2026-02-01T21:02:36+01:00,"Avenida de Dílar 101, 2ºB, 18012 Granada","37.165155, -3.606063 - Cerca del cruce con Calle Gracia"
Isabel,Herrera Hernández,25069926H,936503010,isabel.herrera483@gmail.com,Mobiliario Urbano,Marquesina parada bus Barrio Albaicin con cristal lateral completamente roto y bordes filosos expuestos. Riesgo severo de lesiones.,3,2026-02-01T22:19:28+01:00,"Calle Tablas 45, 4ºC, 18003 Granada","37.198934, -3.575545 - Frente al supermercado"
Pablo,Sanz Muñoz,81816960A,663914515,pablosanz959@gmail.com,Alumbrado Público,"Farola rota en Calle Goya que solo emite luz de un lado, el otro lado del alumbrado no funciona correctamente.",2,2026-02-02T06:46:48+01:00,"Plaza de Mariana Pineda 82, 5ºB, 18005 Granada","37.196942, -3.572254 - Frente a la farmacia"
Luis,Serrano Molina,22725986P,975923868,lserrano37@yahoo.es,Movilidad,"Bache mediano en la Calle Elvira cerca de la Universidad, unos 40 cm de ancho. Hace poco llovió y se a formado un charco que oculta la profundidad real.",2,2026-02-02T10:14:56+01:00,"Calle Zacatín 17, 3ºC, 18015 Granada","37.183319, -3.599947 - En la acera derecha"
Inés,Gutiérrez Martínez,85848468W,634639655,inesgutierrez541@gmail.com,Alumbrado Público,"Cable electrico colgante peligrosamente en Calle Calderia Nueva, tocando casi la altura de la cabeza. Peligro para peatones y vehiculos.",5,2026-02-03T04:07:17+01:00,"Gran Vía de Colón 99, 6ºA, 18015 Granada","37.181029, -3.602868 - En la rotonda"
Carlos,Domínguez Martínez,44258625R,763527800,carlosdominguez212@hotmail.com,Alumbrado Público,"La iluminacion en Avenida Virgen del Carmen es muy tenue, las farolas estan apagadas o funcionan muy poco, se ve muy poco al anochecer.",1,2026-02-03T09:52:07+01:00,"Calle San Juan de Dios 117, Bajo A, 18014 Granada","37.170486, -3.606047 - Junto al colegio"
Pablo,Rubio Jiménez,17936484A,925628077,pablo_rubio72@live.com,Parques y Jardines,Varios bancos de madera en el Jardin Botanico tienen los asientos rotos con tablas faltantes. Seria mejor haberlos reparado ya.,2,2026-02-03T13:37:50+01:00,"Calle Gracia 68, 4ºB, 18007 Granada","37.197742, -3.606196 - Frente al portal 39"
Josefa,López Pérez,99090354Y,916823019,josefa_lopez52@hotmail.com,Alumbrado Público,Cinco farolas consecutivas sin luz en Calle San Luis desde la interseccion con Calle Princesa hasta Calle Convalecencia. Zona completamente a oscuras por las noches.,3,2026-02-03T17:01:13+01:00,"Avenida de Madrid 68, 3ºA, 18014 Granada","37.156962, -3.601575 - En la acera izquierda"
Esperanza,Rivera Medina,80297160C,631036497,esperanza.rivera69@gmail.com,Limpieza,"Bolsas de basura sin recoger hace tres dias en la Plaza del Carmen, comenzando a despedirse material.",3,2026-02-03T17:08:28+01:00,"Carrera del Darro 48, 1ºA, 18002 Granada","37.185412, -3.612438 - Junto a la parada de autobús"
Rafael,López Gil,34924312P,654026200,rafael.lopez.gil@yahoo.es,Movilidad,"El semáforo peatonal en la Puerta de Elvira no funciona correctamente, se queda en verde más tiempo de lo debido. Los coches avanzan cuando aún hay gente cruzando.",3,2026-02-04T01:52:04+01:00,"Paseo del Salón 64, 2ºB, 18014 Granada","37.156511, -3.578787 - Bajo la marquesina del autobús"
Pablo,Cano Hernández,62411794Y,767620649,pablo.cano327@gmail.com,Limpieza,"Charco de gasolina en el aparcamiento del Polideportivo Príncipe Felipe, cerca donde juegan los niños.",4,2026-02-04T05:30:40+01:00,"Calle Recogidas 106, 3ºA, 18011 Granada","37.180047, -3.577831 - Junto al parque infantil"
Lucía,Calvo López,79825384C,981941374,lucia_calvo95@gmail.com,Otros,"Fuga importante de agua en calle Elvira, hay un charco de medio metro y el agua baja hacia los sotanos vecinos.",4,2026-02-04T10:21:37+01:00,"Calle Navas 106, 3ºA, 18004 Granada","37.167868, -3.603395 - Junto al quiosco de prensa"
Rocío,López Muñoz,22167421K,730331348,rlopez475@outlook.es,Mobiliario Urbano,Banco Parque de los Martires con patas metalicas oxidadas y madera podrida en varios puntos. Estructura puede colapsar.,3,2026-02-04T12:35:08+01:00,"Calle Reyes Católicos 49, 2ºC, 18011 Granada","37.166315, -3.604499 - Bajo la marquesina del autobús"
Adrián,Flores Herrera,34701957V,976699508,aflores791@gmail.com,Movilidad,"Semáforo completamente apagado en el cruce de Avenida Fuerzas Armadas con Calle Arabial, zona de mucho trafico a las horas punta. No hay servicio hace 2 dias.",4,2026-02-04T22:45:24+01:00,"Avenida de Cervantes 15, 4ºC, 18004 Granada","37.171804, -3.596951 - Junto al colegio"
Luis,Rubio González,11342869M,974088577,luis_rubio75@outlook.es,Otros,Okupación de vivienda abandonada en Albaicin. Personas durmiendo dentro y trafegando drogas aparentemente.,4,2026-02-05T03:38:36+01:00,"Plaza de Mariana Pineda 20, 4ºA, 18003 Granada","37.190896, -3.573004 - Junto al parque infantil"
Jorge,Prieto Alonso,85277638D,647191929,jorge.prieto680@gmail.com,Limpieza,Papeles de periodico y bolsas de plastico sueltos en la acera de Cuesta de Gomérez.,1,2026-02-05T04:49:40+01:00,"Camino de Ronda 39, 1ºB, 18006 Granada","37.179944, -3.606778 - Junto a la parada de autobús"
Alberto,Ramírez Serrano,69380350E,986165420,albertoramirez644@yahoo.es,Mobiliario Urbano,"Bolardo metalico calle Zacatin parcialmente arrancado, dejando tornillos salientes. Riesgo de pinchazos y tropiezos.",4,2026-02-05T05:29:02+01:00,"Avenida de Cervantes 94, 3ºB, 18005 Granada","37.172576, -3.572529 - Frente al supermercado"
Óscar,Jiménez Pérez,89833029C,691179929,oscarjimenez407@hotmail.es,Alumbrado Público,"La farola de la esquina Calle Mesones con Gran Via lleva meses emitiendo una luz muy débil, apenas se ve por la noche. Casi no alumbra y es dificil poder cruzar con seguridad.",1,2026-02-05T07:16:47+01:00,"Plaza de Mariana Pineda 100, 3ºC, 18003 Granada","37.185200, -3.571794 - Frente a la iglesia"
Raquel,López Pérez,84575037N,615117885,raquel.lopez917@yahoo.es,Limpieza,Contenedor de residuos rebosante en Calle Elvira con botellas cayendo al suelo. No ha pasado la recogida en dos dias.,2,2026-02-05T19:51:33+01:00,"Calle San Antón 116, Ático, 18002 Granada","37.194280, -3.606594 - Junto al quiosco de prensa"
Laura,Navarro León,65319038G,679684536,laura.navarro964@gmail.com,Alumbrado Público,Farola apagada completamente en Paseo de los Mártires a la altura del número 23. Hay otras farolas funcionales cerca pero esta especifica esta rota.,2,2026-02-05T20:40:47+01:00,"Calle Gracia 110, Bajo B, 18015 Granada","37.161333, -3.619529 - Al lado del contenedor de reciclaje"
Antonio,Moya Iglesias,58236383S,952637105,antonio_moya82@hotmail.es,Movilidad,La señal de prohibido aparcar en Calle San Juan de los Reyes tiene los colores tan decolorados que cuesta entender qué dice. Pero se distingue la forma característica.,1,2026-02-06T08:34:31+01:00,"Calle Severo Ochoa 68, Ático, 18013 Granada","37.177572, -3.573332 - Bajo la marquesina del autobús"
Rosa,Marín Blanco,57106420L,765772562,rosa_marin61@gmail.com,Limpieza,Acumulacion de muebles viejos y trastos en la esquina de la calle del Comercio hace mas de una semana. Es un peligro y afea la zona.,3,2026-02-06T09:46:18+01:00,"Calle Pedro Antonio de Alarcón 105, 1ºA, 18010 Granada","37.196579, -3.601876 - En la acera derecha"
David,Medina Ramírez,45455252F,676087068,david.medina689@hotmail.com,Mobiliario Urbano,"Papelera acera Calle Arabial completamente deformada, sin poder abrir ni cerrar tapa adecuadamente. Inutilizable.",1,2026-02-06T15:53:08+01:00,"Calle San Antón 70, 4ºB, 18003 Granada","37.164340, -3.572064 - Frente a la iglesia"
Rafael,Rodríguez Ruiz,56653337J,631732360,rafaelrodriguez482@hotmail.es,Parques y Jardines,El sistema de riego por goteo del parque Roma esta averiado en la zona de rosas. Las flores estan marchitandose por falta de agua.,3,2026-02-07T07:33:55+01:00,"Calle Neptuno 26, 1ºA, 18008 Granada","37.170181, -3.570058 - Frente a la iglesia"
Nuria,Hernández Blanco,48739294V,691441818,nuriahernandez278@hotmail.com,Alumbrado Público,Tres farolas consecutivas sin funcionar en la Calle Navas entre Calle Virgen del Pilar y Calle Santo Domingo. El tramo queda muy oscuro por las noches.,3,2026-02-07T09:05:13+01:00,"Calle Tablas 20, 2ºB, 18007 Granada","37.174475, -3.614386 - Junto al colegio"
Alejandro,Rivera García,19129481J,986213317,alejandro.rivera.garcia@gmail.com,Limpieza,Derame de aceite hidráulico en la calle San Jerónimo frente al colegio San Martín. Hay chapapote y olor fuerte. Graves riesgos para los menores.,5,2026-02-07T12:43:45+01:00,"Avenida de Dílar 87, 4ºB, 18015 Granada","37.174717, -3.623237 - Junto a la parada de autobús"
Alejandro,Calvo López,75796888C,691090086,alejandro_calvo21@live.com,Movilidad,"Bache profundo en la Avenida de Andaluces, frente al Hospital Clínico. Varios pacientes se an caido de sus muletas intentando evitarlo. Es un peligro.",2,2026-02-07T16:04:23+01:00,"Paseo de la Bomba 48, 5ºA, 18005 Granada","37.174830, -3.593042 - Al lado del contenedor de reciclaje"
Rocío,Hernández Navarro,47884582P,932769375,rocio_hernandez89@gmail.com,Limpieza,Envoltorios de hamburguesas y servilletas en la zona de descanso de la Senda del Genil.,1,2026-02-07T19:48:55+01:00,"Camino de Ronda 48, 6ºA, 18011 Granada","37.176886, -3.574110 - En la acera izquierda"
Dolores,Rubio Ortiz,26979628F,620847710,doloresrubio837@live.com,Parques y Jardines,"En el parque de Myriam, una rama de pino muy grande cuelga sobrre la zona de descanso de mayores. Podria causar lesiones graves si cae.",4,2026-02-07T20:07:26+01:00,"Calle Alcaicería 44, 5ºB, 18006 Granada","37.181225, -3.586861 - En la rotonda"
Carlos,Garrido Gutiérrez,69106649K,631692098,carlos.garrido476@hotmail.es,Parques y Jardines,El árbol de la Palma Real en la Plaza Nueva ha caido y está partiendo las baldosas del pavimento. El paso peatonal está completamente obstruido.,5,2026-02-08T04:55:21+01:00,"Plaza de Mariana Pineda 113, 1ºC, 18014 Granada","37.187085, -3.617731 - Frente a la iglesia"
Francisco,Rubio Gallego,20577654Z,685977183,francisco.rubio.gallego@gmail.com,Limpieza,Tuberia rota en la bajada del Realejo vertiend sustancia quimica amarilla proxima a zona infantil. Necesita atencion urgente y acordonamiento.,5,2026-02-08T05:01:49+01:00,"Calle Recogidas 6, 1ºA, 18003 Granada","37.163713, -3.617507 - En la rotonda"
Enrique,Cortés Romero,53271692N,625072068,enrique.cortes457@gmail.com,Limpieza,"Papeles y envoltorios de desayunos dispersos en la acera de Calle Reyes Católicos, frente a la Catedral. Basura de turistas principalmente.",1,2026-02-08T05:14:49+01:00,"Calle Recogidas 86, 2ºA, 18005 Granada","37.170964, -3.604117 - Junto al centro de salud"
Nuria,Ruiz Alonso,28756614J,751967855,nuria_ruiz93@outlook.es,Alumbrado Público,"Cable electrico suelto y colgando de la farola en Avenida de Madrid esquina Calle Elvira. Está expuesto y es un peligro para transeuntes, puede haber descarga.",5,2026-02-08T06:53:07+01:00,"Calle Mesones 104, Bajo A, 18008 Granada","37.197558, -3.570423 - En la rotonda"
Sofía,Jiménez Moreno,47341465J,795066632,sjimenez900@yahoo.es,Limpieza,"El contenedor de la plaza San Nicolás está practicamente lleno hace un par de días, no cabe nada más. Huele bastante mal y hay plagas de moscas.",2,2026-02-08T06:53:14+01:00,"Calle Obispo Hurtado 71, 2ºA, 18007 Granada","37.168679, -3.607114 - Junto al paso de peatones"
Ana,Iglesias Gallego,96369402T,980240004,ana.iglesias.gallego@yahoo.es,Limpieza,Botella rota y cristales en la esquina de Calle Elvira con Carrera del Darro. Peligro para los niños que van a la escuela.,3,2026-02-08T12:59:45+01:00,"Calle Gonzalo Gallas 103, 1ºD, 18009 Granada","37.179782, -3.579574 - Junto al centro de salud"
Rubén,Calvo Moya,64583141S,725998536,ruben_calvo91@hotmail.com,Mobiliario Urbano,Estructura marquesina parada bus Camino de Ronda con panel metalico suelto colgando. Peligro inminente de caida sobre usuarios.,5,2026-02-08T15:09:44+01:00,"Calle Duquesa 11, 1ºB, 18008 Granada","37.157641, -3.614530 - Junto a la parada de autobús"
Esperanza,Gómez Romero,12132258B,913472380,esperanza.gomez262@gmail.com,Alumbrado Público,"Luz muy tenue en la farola del Parque de las Ciencias, entrada principal. La bombilla necesita cambio pero aun funciona con baja intensidad.",1,2026-02-08T17:21:39+01:00,"Calle Real de Cartuja 51, 2ºD, 18005 Granada","37.195417, -3.593814 - Frente a la iglesia"
Silvia,Ruiz Gutiérrez,46071648A,982264759,silvia.ruiz.gutierrez@live.com,Movilidad,"El semáforo de los ciclistas en Calle Ángel Ganivet parpadea de forma irregular, a veces se queda verde, a veces rojo. Los ciclistas no saben si es seguro pasar.",3,2026-02-08T18:36:46+01:00,"Calle Molinos 10, 5ºA, 18005 Granada","37.171609, -3.579902 - En la esquina con Calle Molinos"
Miguel,León Rubio,37221284Q,974860388,miguel_leon14@gmail.com,Alumbrado Público,"Farola sin iluminación en Calle Recogidas numero 45, entre dos farolas que si funcionan. Deja un punto oscuro en la acera.",2,2026-02-08T22:04:28+01:00,"Calle Gracia 98, 2ºA, 18011 Granada","37.161590, -3.611749 - Frente a la iglesia"
Iván,Cortés Flores,96567850G,958407347,icortes800@hotmail.es,Limpieza,Se observa un vertido de aceite quemado en la calle trasera del Mercadillo de San Agustín. Mancha grande en el asfalto que no se a limpiado en días.,4,2026-02-09T01:33:45+01:00,"Avenida de Dílar 42, 4ºB, 18007 Granada","37.160106, -3.620665 - Junto a la parada de autobús"
Carlos,Serrano Prieto,89466863Z,957248172,cserrano992@yahoo.es,Limpieza,Residuos químicos (bidones abiertos) encontrados junto al parque infantil de Los Mártires. Olor muy fuerte a solventes. Muy peligroso para los niños.,5,2026-02-09T02:54:33+01:00,"Calle San Juan de Dios 67, 3ºB, 18009 Granada","37.181040, -3.570491 - En la mediana de la avenida"
Dolores,Sanz Rubio,53789824T,782922062,dolores.sanz404@gmail.com,Alumbrado Público,"Cinco farolas consecutivas apagadas en Avenida Constitucion tramo entre Puente Verde y Calle Ronda. Muy peligroso de noche, la calle queda sin luz.",4,2026-02-09T06:50:55+01:00,"Calle Duquesa 34, 2ºB, 18003 Granada","37.176005, -3.570974 - Junto al parque infantil"
Antonio,Ruiz Calvo,39750823S,624213102,antonioruiz978@yahoo.es,Limpieza,Envoltorios de chicles y papeletas electorales pegadas en las verjas del Paseo de los Tristes.,1,2026-02-09T08:04:17+01:00,"Avenida de la Constitución 59, 1ºC, 18006 Granada","37.164732, -3.611660 - En la acera derecha"
Teresa,Romero González,49550075W,733919754,teresa_romero54@yahoo.es,Limpieza,"Contenedor de reciclaje rebosado en la esquina de Calle Elvira, botellas y cartones en el suelo alrededor.",2,2026-02-09T16:25:11+01:00,"Calle Navas 69, 4ºC, 18005 Granada","37.181389, -3.595751 - Al lado del contenedor de reciclaje"
Vicente,Gil Medina,94665031K,637592664,vicentegil654@hotmail.es,Movilidad,"Semáforo apagado en la rotonda de la Avenida Juan Carlos I, uno de los cruces mas importantes de la ciudad. Hay atascos y al menos dos accidentes leves hoy.",4,2026-02-09T16:56:37+01:00,"Calle Duquesa 33, 3ºD, 18012 Granada","37.190354, -3.594172 - En la acera derecha"
María,Castro Domínguez,77372465M,617258868,maria.castro.dominguez@gmail.com,Alumbrado Público,"La farola de Calle Caldererìa Nueva emite una luz anaranjada muy debil, casi parpadea. Es la unica iluminacion en esa zona y apenas funciona.",1,2026-02-09T19:50:59+01:00,"Calle Mesones 25, 2ºB, 18015 Granada","37.158933, -3.592662 - En la acera derecha"
Alberto,Rivera López,92346349S,918109182,alberto_rivera37@outlook.es,Alumbrado Público,Dos farolas rotas en Calle Santa Escolastica. Una completamente apagada y la otra parpadea. Hay luz en otras zonas cercanas pero estas estan dañadas.,3,2026-02-10T07:04:50+01:00,"Calle Recogidas 64, 6ºA, 18003 Granada","37.199697, -3.600070 - Junto a la parada de autobús"
Adrián,Jiménez Vázquez,60905667B,940117670,ajimenez133@live.com,Movilidad,La señal de ceda el paso en la Calle Virgen del Carmen está cubierta de polvo y apenas se ve. Es una zona poco transitada.,1,2026-02-10T11:41:31+01:00,"Calle Pedro Antonio de Alarcón 106, 2ºC, 18011 Granada","37.176529, -3.601378 - Junto al quiosco de prensa"
Sofía,López Cortés,72503345P,613915054,sofialopez385@live.com,Alumbrado Público,"Cable de corriente caido sobre la calle en Avenida Fuerzas Armadas. Está tirado en el piso y los vehiculos pasan por encima, es un riesgo de electrocucion grave.",5,2026-02-10T11:43:25+01:00,"Calle San Juan de Dios 32, 3ºC, 18001 Granada","37.174635, -3.572093 - Bajo la marquesina del autobús"
Teresa,Rivera Iglesias,29535957R,916326778,teresa.rivera.iglesias@gmail.com,Limpieza,"Bolsas de basura abiertas hace mas de una semana en la calle Almirantes, con restos de comida y animales revolviendo.",3,2026-02-10T16:57:51+01:00,"Avenida de Dílar 57, Bajo B, 18004 Granada","37.170295, -3.623898 - En la rotonda"
Marta,Ruiz García,15752293F,718153631,marta.ruiz.garcia@hotmail.es,Limpieza,Fuga de gasolina/aceite de vehiculo abandonado en parking subterraneo de Plaza Nueva. Mancha extendida sobre varios metros cuadrados.,4,2026-02-10T21:36:54+01:00,"Paseo de los Tristes 5, 3ºC, 18009 Granada","37.180716, -3.590430 - Frente al supermercado"
Rafael,Sanz Blanco,38938808S,991549880,rafael.sanz386@outlook.es,Alumbrado Público,Farola fundida en Calle Príncipe numero 78. Las luces cercanas iluminan bastante bien pero esta en particular no enciende.,2,2026-02-10T23:21:19+01:00,"Calle Duquesa 37, 3ºC, 18015 Granada","37.197434, -3.613369 - A la altura del número 26"
Carmen,Gallego Prieto,81471288K,913847875,carmen_gallego27@outlook.es,Movilidad,"Bache pequeño pero en zona escolar, en la Calle San Matías justo frente al colegio. Los niños lo evitan saltando pero es innecesario riesgo.",2,2026-02-11T04:28:47+01:00,"Calle Neptuno 114, 4ºA, 18005 Granada","37.180685, -3.607150 - Junto al centro de salud"
Óscar,Flores Torres,54476513R,614396114,oflores703@hotmail.com,Alumbrado Público,"Cuatro farolas sin luz consecutivas en Calle Arabial desde Calle Tablas hasta Cruce Cordoba. Tramo completamente oscuro, imposible ver bien por la noche.",4,2026-02-11T07:15:44+01:00,"Calle Pedro Antonio de Alarcón 54, 4ºC, 18004 Granada","37.188398, -3.577392 - Frente a la iglesia"
Josefa,Gómez Iglesias,93919793Y,634913761,josefa_gomez15@hotmail.com,Alumbrado Público,"Luz muy debil en la farola del Parque del Triunfo, entrada trasera. Solo ilumina a medio metro, la bombilla esta a punto de fallar.",1,2026-02-11T07:49:26+01:00,"Calle Navas 86, 1ºA, 18006 Granada","37.199918, -3.609273 - Frente al portal 48"
Carlos,Gómez Rodríguez,55038454Y,662383627,carlos.gomez.rodriguez@hotmail.es,Parques y Jardines,"El pasto en la zona norte del parque Sierra Elvira crece sin control, alcanza casi media altura de la pierna. Necesita corte urgentamente por higiene.",1,2026-02-11T08:30:49+01:00,"Calle Gracia 18, 2ºB, 18007 Granada","37.158299, -3.571533 - Junto al paso de peatones"
Isabel,Delgado Martínez,26426675C,611194686,idelgado321@hotmail.es,Limpieza,"Pinturas y barnices tóxicos derramados a la entrada del Colegio Público Virgen del Carmen, sin señalización. Riesgo inmediato de contaminación.",5,2026-02-11T13:58:35+01:00,"Calle Sierpe 88, Ático, 18015 Granada","37.157797, -3.605924 - Junto a la fuente"
José,Sánchez Ramírez,34331618R,632571801,josesanchez331@gmail.com,Limpieza,Varios envoltorios de caramelos y papeles de aluminio esparcidos en la acera de Calle Navas. Probablemente de los vendedores callejeros.,1,2026-02-11T15:30:35+01:00,"Carrera del Darro 109, Ático, 18006 Granada","37.163909, -3.582387 - Frente al portal 32"
Andrea,Domínguez Calvo,94538652G,728629467,adominguez919@outlook.es,Otros,Olor nauseabundo a descomposicion en la escalera del edificio. Posible animal muerto atrapado en tuberias.,3,2026-02-12T00:56:43+01:00,"Paseo del Salón 46, Bajo B, 18001 Granada","37.175791, -3.583638 - Frente a la farmacia"
Adrián,Garrido Ruiz,38682521V,688880389,adrian.garrido929@gmail.com,Limpieza,"Contenedor de vidrio lleno en la Avenida de la Constitución, con botellas alrededor que nadie a recogido.",2,2026-02-12T05:20:59+01:00,"Calle Navas 50, 3ºA, 18004 Granada","37.157595, -3.618298 - Junto al parque infantil"
Pilar,Moreno Blanco,12096319K,634167927,pilar.moreno533@gmail.com,Limpieza,Acumulación de basura doméstica dispersa en Calle Tablas hace 4 dias. Los vecinos dicen que fue fallo en la recogida.,3,2026-02-12T12:14:44+01:00,"Calle Severo Ochoa 38, 3ºA, 18009 Granada","37.174132, -3.621355 - En la esquina con Calle Elvira"
Beatriz,Cortés Serrano,95358478H,948529828,bcortes764@yahoo.es,Limpieza,Derrame de liquido oscuro (posible aceite industrial) en la calle de acceso al taller mecanico de Calle Azacaya. Resbaladizo y contamina.,4,2026-02-13T03:11:17+01:00,"Gran Vía de Colón 62, 3ºD, 18006 Granada","37.196731, -3.617478 - En la esquina con Paseo de la Bomba"
Marta,Ramos Flores,42260042A,616343565,martaramos350@hotmail.es,Alumbrado Público,"Farola apagada en Plaza Nueva numero 12, frente a la Chancilleria. Otras farolas de la plaza funcionan correctamente pero esta esta rota.",2,2026-02-13T04:16:41+01:00,"Carrera del Darro 99, 3ºB, 18003 Granada","37.184794, -3.595701 - Al lado del contenedor de reciclaje"
Lucía,Sánchez Molina,67316502X,962192276,lucia.sanchez329@live.com,Limpieza,Contenedores de residuos peligrosos sin precinto encontrados cerca del jardín infantil de Parque de las Ciencias. Aspecto muy sospechoso.,5,2026-02-13T04:37:26+01:00,"Paseo de la Bomba 78, 5ºA, 18015 Granada","37.161263, -3.573092 - En la rotonda"
Lucía,Ramos Serrano,34806011L,938198131,lucia_ramos68@live.com,Movilidad,"Semáforo en la Avenida de la Paz que hace parpadeos irregulares, alterando el flujo de trafico en una de las vias principales. Los conductores no confian en el aparato.",3,2026-02-13T07:33:53+01:00,"Calle Real de Cartuja 4, 3ºA, 18010 Granada","37.181438, -3.621515 - Cerca del cruce con Calle Ángel Ganivet"
Diego,Delgado Álvarez,32825771X,628796602,diego_delgado31@outlook.es,Parques y Jardines,"En el parque Fuente de la Paz, el banco de ceramica tiene un listón lateral suelto que cuelga. Alguien podria engancharse la ropa.",2,2026-02-13T17:42:22+01:00,"Calle Molinos 54, Ático, 18004 Granada","37.156760, -3.615084 - Frente al supermercado"
Álvaro,Gallego Rodríguez,97489701S,956695529,alvaro.gallego.rodriguez@outlook.es,Alumbrado Público,"Nueve farolas seguidas sin funcionar en Avenida Juan Pablo II desde Calle Sócrates hasta Paseo Facultad. La avenida esta a oscuras completamente, muy inseguro para peatones y conductores.",4,2026-02-13T18:46:23+01:00,"Calle Molinos 85, 1ºA, 18003 Granada","37.184044, -3.596837 - Junto al paso de peatones"
Sofía,Vázquez Rodríguez,20874593T,995789412,svazquez636@outlook.es,Parques y Jardines,El sistema de riego automatico del parque Cartuja lleva averiado 15 dias. Los setos estan perdiendo color y los arbustos se ven marchitos.,3,2026-02-13T22:17:58+01:00,"Calle Navas 18, 4ºA, 18005 Granada","37.192172, -3.583139 - En la rotonda"
Isabel,Ortiz Navarro,51082004Q,942470632,iortiz776@gmail.com,Alumbrado Público,"Farola con luminosidad muy baja en Calle Cordoba numero 34. La luz amarilla apenas se ve, es como si no estuviera encendida pero si lo esta.",1,2026-02-13T22:48:09+01:00,"Calle Tablas 25, 4ºC, 18005 Granada","37.188844, -3.621208 - Junto al centro de salud"
Carmen,Vázquez Pérez,63456477Y,689008815,carmen_vazquez42@hotmail.es,Alumbrado Público,Dos farolas apagadas en Calle Virgen del Pilar pero hay farolas funcionales a escasos metros. Puntos oscuros puntuales sin deixar la calle a oscuras.,2,2026-02-14T00:54:29+01:00,"Plaza Bib-Rambla 98, Ático, 18009 Granada","37.193953, -3.617730 - En la rotonda"
Sofía,Guerrero Iglesias,88933322G,758640713,sofiaguerrero812@hotmail.es,Otros,"Vandalismo en cabina telefónica, toda rota. Los cristales esparcidos por la acera son peligrosos.",2,2026-02-14T07:06:18+01:00,"Paseo del Salón 56, 4ºA, 18013 Granada","37.166282, -3.601218 - Junto a la fuente"
Daniel,Moya Blanco,21892888Q,949032565,daniel.moya873@gmail.com,Parques y Jardines,Una rama de nogal muy voluminosa en el Jardin de las Flores está a punto de desprenderse. Hay mucho movimiento cuando hay viento fuerte.,4,2026-02-14T11:59:52+01:00,"Paseo de los Tristes 1, 3ºC, 18001 Granada","37.157383, -3.621725 - En la esquina con Calle Gracia"
Ana,Iglesias Gallego,12366181R,990573642,ana_iglesias76@gmail.com,Mobiliario Urbano,Banco madera Plaza del Carmen con pintura descascarada en 80% superficie y herrumbre visible. Aspecto muy deteriorado.,2,2026-02-14T12:14:17+01:00,"Avenida de la Constitución 31, Bajo B, 18006 Granada","37.161421, -3.582330 - En la acera derecha"
Rubén,Alonso Ramírez,82379624H,644082938,ruben.alonso746@hotmail.com,Mobiliario Urbano,"Papelera municipal en Plaza Nueva completamente abollada en la parte frontal, no afecta su funcionamiento pero afea el espacio publico.",1,2026-02-14T13:52:32+01:00,"Calle Tablas 96, 5ºB, 18005 Granada","37.176785, -3.589346 - Junto a la fuente"
Adrián,Ramírez Gómez,72064062W,992474848,adrian.ramirez107@live.com,Mobiliario Urbano,Banco de metal en Paseo de los Tristes con pintura descascarillada y oxidación superficial en los extremos.,2,2026-02-14T14:44:58+01:00,"Calle Pedro Antonio de Alarcón 75, Ático, 18012 Granada","37.163947, -3.601168 - A la altura del número 17"
Josefa,Muñoz Rivera,65099619M,933064672,josefamunoz441@live.com,Movilidad,"Gran socavón en la Calle Rectores, junto al area de la Rábida. El bache mide mas de 1 metro, ha dañado ya varios neumaticos y la suspension de autos. Urjente reparacion.",5,2026-02-15T15:07:46+01:00,"Paseo de la Bomba 17, 3ºB, 18015 Granada","37.172080, -3.614517 - En la acera izquierda"
Teresa,Ortiz Garrido,38347809R,920673884,teresa_ortiz71@gmail.com,Alumbrado Público,"Seis farolas consecutivas sin luz en Camino de Ronda desde el Puente Zujaira hasta la rotonda de los Jueces. Segmento entero sin iluminacion, peligroso atravesar.",4,2026-02-15T20:25:09+01:00,"Avenida de Cervantes 60, 5ºA, 18014 Granada","37.157267, -3.614471 - Bajo la marquesina del autobús"
Alejandro,Ramos Moya,27937265Q,768000042,alejandroramos185@hotmail.es,Alumbrado Público,"Cable electrico desprendido y colgando en Calle Anguila esquina Calle Pavaneras. Esta rozando la calle y puede tocar gente o vehículos, muy peligroso.",5,2026-02-16T02:15:34+01:00,"Calle San Juan de Dios 83, 3ºA, 18009 Granada","37.166464, -3.593277 - En la acera izquierda"
Amparo,Álvarez Molina,88305855T,947075386,amparo_alvarez10@gmail.com,Alumbrado Público,"Tres farolas rotas en Calle Real numero 1 a 5. Una ilumina poco, otra se apaga intermitentemente y otra esta completamente oscura. La zona queda mal iluminada.",3,2026-02-16T04:03:31+01:00,"Calle Pedro Antonio de Alarcón 48, 1ºB, 18013 Granada","37.162769, -3.585598 - Junto al quiosco de prensa"
Dolores,Guerrero Domínguez,64983997G,981684452,doloresguerrero507@hotmail.com,Alumbrado Público,"La farola de la esquina de Calle Reyes Católicos con Gran Via lleva meses con una luz muy tenue, casi no se ve de noche. Habría que revisar la bombilla o el cableado.",1,2026-02-16T12:06:26+01:00,"Calle Mesones 118, 2ºB, 18015 Granada","37.177898, -3.610701 - Junto al parque infantil"
Alberto,González Moreno,13693560G,681099078,alberto.gonzalez.moreno@gmail.com,Mobiliario Urbano,Marquesina de parada de autobús en Avenida de la Constitución con cristal frontal agrietado formando una gran rajadura diagonal.,3,2026-02-16T12:37:10+01:00,"Gran Vía de Colón 59, 2ºA, 18003 Granada","37.188007, -3.590754 - Junto al quiosco de prensa"
Rocío,Blanco Martínez,60195138K,923738442,rocio_blanco79@yahoo.es,Parques y Jardines,El arbol de Ficus del parque Carmen Navas ha caido atravesando los bancos y generando grietas en el suelo. Hay que limpiar los escombros inmediatamente.,5,2026-02-16T14:50:05+01:00,"Calle Alcaicería 101, 3ºA, 18013 Granada","37.160471, -3.595804 - En la acera derecha"
Beatriz,Guerrero Alonso,25000290A,977535671,beatriz.guerrero.alonso@outlook.es,Alumbrado Público,"Farola fundida en Paseo del Salón frente al Paseo de los Mártires, pero hay otra justo 30 metros más allá que funciona bien.",2,2026-02-16T16:52:06+01:00,"Avenida de Dílar 52, 3ºC, 18012 Granada","37.162812, -3.583205 - Junto a la parada de autobús"
Patricia,Rivera Flores,14095583X,924961625,patricia.rivera.flores@hotmail.es,Limpieza,"Papeles, tickets y trapos usados tirados en la rampa de acceso al Palacio de los Córdova.",1,2026-02-17T03:51:42+01:00,"Acera del Darro 15, Bajo A, 18011 Granada","37.185555, -3.623418 - Junto a la fuente"
Mercedes,Moreno Cortés,57196235L,671369432,mercedes.moreno62@hotmail.com,Otros,Ratas grandes saliendo del alcantarillado en el pasaje del Triunfo. He visto al menos 5 este mes.,3,2026-02-17T06:34:42+01:00,"Calle Gonzalo Gallas 7, 1ºD, 18014 Granada","37.175499, -3.611366 - A la altura del número 23"
Pilar,Castillo Muñoz,93386641V,618041926,pilar_castillo49@yahoo.es,Otros,"Fuga de agua en tuberia subterranea cerca del puente de la Justicia, formandose un socavon peligroso.",5,2026-02-17T06:59:22+01:00,"Calle Recogidas 26, 2ºD, 18001 Granada","37.162056, -3.586728 - Cerca del cruce con Paseo del Salón"
Rafael,Guerrero Guerrero,79232436N,797342218,rafaelguerrero799@yahoo.es,Movilidad,La señal de dirección obligatoria hacia la Alhambra tiene una flecha parcialmente ilegible. Aun así se entiende hacia dónde apunta.,1,2026-02-17T18:37:23+01:00,"Calle Profesor Emilio Orozco 91, Bajo B, 18015 Granada","37.195700, -3.587822 - A la altura del número 8"
Pedro,Ramírez Gallego,86858346L,959066811,pedroramirez652@gmail.com,Limpieza,Bolsa de residuos textiles rebosada junto al contenedor de la Avenida del Hospicio. Prendas esparcidas en la calle.,2,2026-02-17T21:13:30+01:00,"Calle Elvira 43, 2ºA, 18005 Granada","37.183035, -3.593838 - Junto al parque infantil"
Francisco,Gil Moreno,89721929X,991701313,francisco.gil.moreno@live.com,Limpieza,Montaña de escombros y basura acumulada en la zona trasera de la Catedral desde hace mas de una semana. Aspecto abandonado y sucio.,3,2026-02-17T22:47:17+01:00,"Calle Arabial 108, 2ºB, 18001 Granada","37.192836, -3.573894 - Bajo la marquesina del autobús"
Esperanza,Medina Iglesias,93292567J,792772420,esperanza_medina82@gmail.com,Alumbrado Público,He notado que en todo el tramo de Calle Navas entre Plaza Nueva y la Catedral hay como unas 4 farolas apagadas. Es peligroso a altas horas de la noche.,3,2026-02-17T23:18:38+01:00,"Gran Vía de Colón 19, 2ºB, 18008 Granada","37.160424, -3.574370 - Al lado del contenedor de reciclaje"
Rocío,Iglesias Muñoz,47832263Z,948529104,rocio_iglesias95@gmail.com,Alumbrado Público,Calle entera a oscuras en la Avenida Constitución entre la Avenida del Mediterráneo y la calle Acera del Darro. Las farolas no encienden desde hace semanas y es imposible circular por ahí de noche.,4,2026-02-17T23:51:03+01:00,"Plaza Bib-Rambla 19, 5ºA, 18001 Granada","37.174212, -3.604755 - Junto al centro de salud"
Rafael,Pérez Calvo,92959137Z,917483094,rafael.perez272@outlook.es,Alumbrado Público,"Ha caído un cable electrico de la farola en Calle Elvira, está colgando sobre la acera y puede ser peligroso. Urge repararlo cuanto antes!",5,2026-02-18T03:21:17+01:00,"Paseo de la Bomba 19, Ático, 18007 Granada","37.157622, -3.621518 - Junto a la fuente"
Rosa,Álvarez Sánchez,42342725R,762083085,rosa.alvarez.sanchez@gmail.com,Movilidad,"Bache en la Avenida del Ejército, de unos 50 cm, que aparece y desaparece segun llueva. Hoy esta lleno de agua sucia y no se ve bien.",2,2026-02-18T06:10:13+01:00,"Avenida de Cervantes 81, 3ºD, 18007 Granada","37.166528, -3.581503 - Al lado del contenedor de reciclaje"
Lucía,Domínguez Sanz,28658314S,968266292,lucia.dominguez431@hotmail.es,Limpieza,Vertimiento de aguas grises/negras en la callejuela de Calle Cuchillería. Olor nauseabundo y riesgo sanitario elevado.,4,2026-02-18T10:13:28+01:00,"Calle Puentezuelas 20, Bajo B, 18001 Granada","37.195451, -3.608906 - Al lado del contenedor de reciclaje"
Nuria,Núñez Blanco,85788305F,630648873,nnunez111@gmail.com,Movilidad,"El semaforo peatonal en Plaza Nueva falla intermitentemente, quedandose en transición entre rojo y verde. Los visitantes turisticos se confunden mucho.",3,2026-02-18T13:41:48+01:00,"Calle Severo Ochoa 78, 4ºA, 18001 Granada","37.187895, -3.591772 - Al lado del contenedor de reciclaje"
Isabel,Castro Guerrero,60772576K,937994464,isabel_castro50@gmail.com,Mobiliario Urbano,Bolardo de hormigón arrancado en calle Recogidas dejando un hueco profundo donde pueden tropezar peatones o entorpecer sillas de ruedas.,4,2026-02-18T17:09:23+01:00,"Calle Pedro Antonio de Alarcón 24, 5ºA, 18009 Granada","37.155380, -3.616223 - Junto al parque infantil"
Manuel,Ramos León,85605384M,932482508,manuel.ramos.leon@gmail.com,Movilidad,"Semaforo completamente fuera de servicio en la interseccion de Avenida del Albayzin y calle del Comercio, hay caos de trafico y riesgo de colisiones. Necesita atencion inmediata.",4,2026-02-18T20:16:35+01:00,"Calle Severo Ochoa 30, 2ºB, 18010 Granada","37.166637, -3.621936 - Cerca del cruce con Paseo de la Bomba"
David,Iglesias Guerrero,44137431V,989933051,david.iglesias.guerrero@gmail.com,Otros,Graffitis de signos satanicos en varias paredes del barrio de Sacromonte. Generan malestar en la comunidad.,1,2026-02-18T20:42:38+01:00,"Calle San Juan de Dios 84, 3ºC, 18003 Granada","37.157565, -3.597698 - Frente al portal 4"
Laura,Serrano Rivera,83078623R,659018169,laura.serrano.rivera@gmail.com,Limpieza,"Barriles con etiqueta de sustancia corrosiva encontrados en la puerta del CEIP Granada Centro, sin vigilancia. Riesgo crítico para menores.",5,2026-02-19T01:18:51+01:00,"Plaza de Mariana Pineda 23, 2ºA, 18013 Granada","37.197944, -3.603682 - Junto al parque infantil"
Enrique,Rodríguez Ruiz,43583640C,696612326,enrique.rodriguez.ruiz@gmail.com,Parques y Jardines,La zona de arboles frutales del parque Constitucion tiene cesped sin cortar desde hace tres semanas. Parece abandonada y atrae insectos.,1,2026-02-19T09:03:41+01:00,"Calle Arabial 25, 2ºA, 18015 Granada","37.194588, -3.620679 - Junto al quiosco de prensa"
Miguel,Alonso Flores,42036781A,990016450,miguel_alonso25@gmail.com,Movilidad,"La señal de ceda el paso en la esquina de Calle Reyes Católicos esta completamente desgastada, apenas se ve el simbolo. Lleva así desde hace meses.",1,2026-02-19T14:38:17+01:00,"Avenida de la Constitución 99, Ático, 18004 Granada","37.164564, -3.585605 - Cerca del cruce con Calle Neptuno"
Juan,Martínez Garrido,24997223H,657699022,juan_martinez48@hotmail.es,Otros,Venta ilegal de tickets falsos para tours en el Albaicin. Timadores estafando a turistas extranjeros diariamente.,2,2026-02-19T18:15:54+01:00,"Paseo del Salón 58, 2ºA, 18015 Granada","37.182497, -3.585674 - En la acera izquierda"
Amparo,López Navarro,52594068Z,980665513,alopez100@hotmail.com,Mobiliario Urbano,Estructura metalica de marquesina en calle Gran Vía con tornillos sueltos y parte de la armadura oscilando peligrosamente con el viento.,5,2026-02-19T20:33:52+01:00,"Calle Gracia 49, 4ºC, 18008 Granada","37.180549, -3.603400 - Junto al quiosco de prensa"
Vicente,Díaz Castro,99164343G,736160477,vicente.diaz396@hotmail.es,Limpieza,"Bolsas de plastico rotas debajo del puente de los Martires, hay papeles dispersos en la acera y envoltorios de comida rápida. Necesita limpieza urgente.",1,2026-02-20T10:12:41+01:00,"Calle Tinajilla 102, 4ºB, 18011 Granada","37.180331, -3.579231 - Junto al parque infantil"
Nuria,Rivera Iglesias,49716853F,676893498,nuria_rivera40@hotmail.es,Otros,Plagas de palomas en la plaza de la Universidad. Excrementos contaminando bancos y dañando la arquitectura.,2,2026-02-20T10:24:02+01:00,"Calle Alhamar 83, Ático, 18015 Granada","37.160455, -3.623135 - Bajo la marquesina del autobús"
Cristina,González Castro,61815729D,933357179,cgonzalez515@hotmail.es,Limpieza,"El contenedor de reciclaje en Plaza Isabel la Católica está rebosando, hay botellas y cartones fuera. Hace falta que lo recojan pronto.",2,2026-02-20T14:53:28+01:00,"Calle Navas 50, 1ºD, 18014 Granada","37.164328, -3.620937 - Junto a la fuente"
Mercedes,Alonso Prieto,99100403G,931630432,malonso941@gmail.com,Alumbrado Público,"La farola de la esquina de San Juan de los Reyes emite una iluminacion debil, pero aún funciona. Seria conveniente revisar su funcionamiento.",1,2026-02-21T00:48:56+01:00,"Plaza de Mariana Pineda 97, 3ºD, 18001 Granada","37.199693, -3.618236 - Junto al centro de salud"
Iván,López Delgado,97476074G,672431037,ilopez606@gmail.com,Alumbrado Público,"Farola rota en la Calle Mesones, justo donde esta la tienda de ropa. Hay otra luz funcional a unos 40 metros.",2,2026-02-21T03:02:54+01:00,"Calle Neptuno 21, Bajo B, 18006 Granada","37.195739, -3.595101 - Junto al centro de salud"
Andrés,Rodríguez Marín,63092857Q,922737755,andres.rodriguez.marin@outlook.es,Movilidad,"Bache en Avenida Constitución junto al numero 45, del tamaño de una pelota de futbol. Los coches tienen que esquivarlo.",2,2026-02-21T05:30:54+01:00,"Calle Profesor Emilio Orozco 48, 4ºB, 18013 Granada","37.189074, -3.584185 - En la mediana de la avenida"
Fernando,Castillo Garrido,30270571H,720081277,fernando.castillo601@hotmail.es,Alumbrado Público,En Calle Ángeles hay varias farolas sin luz consecutivas en un tramo de unos 100 metros. Hace falta reparacion urgente en esta zona residencial.,3,2026-02-21T09:25:32+01:00,"Calle Obispo Hurtado 69, 4ºB, 18013 Granada","37.189457, -3.585885 - Junto al paso de peatones"
Pablo,Ramos Medina,71059356M,940699055,pramos14@yahoo.es,Limpieza,"Vertido de aceite de motor en la calle Tablas, hay un charco oscuro en el asfalto que lleva 3 dias ahi. Es muy peligroso para motos y bicis.",4,2026-02-21T13:19:12+01:00,"Calle Obispo Hurtado 7, 3ºB, 18007 Granada","37.175028, -3.588298 - En la mediana de la avenida"
Carmen,León Prieto,49990443N,991816842,carmen.leon.prieto@hotmail.es,Limpieza,Envoltorios de chicles y papeles en la esquina de Calle Reyes Católicos. Solo necesita un barrido rápido de la acera.,1,2026-02-21T15:20:47+01:00,"Paseo de los Tristes 37, 2ºD, 18015 Granada","37.197676, -3.606074 - Cerca del cruce con Plaza de Mariana Pineda"
Pilar,García Delgado,85596838S,717325914,pilar_garcia67@hotmail.com,Limpieza,"Basura acumulada durante una semana en el callejón del Pozo, bolsas rotas con residuos organicos que estan atrayendo palomas y ratas.",3,2026-02-21T16:25:50+01:00,"Avenida de la Constitución 9, 4ºC, 18005 Granada","37.199353, -3.595042 - En la mediana de la avenida"
Alicia,Flores Serrano,22484687W,746353964,alicia_flores21@outlook.es,Alumbrado Público,La Avenida de la Paz está completamente a oscuras desde la Plaza de la Romanilla hasta el Puente Genil. No se ve absolutamente nada de noche y es una zona que frecuento a menudo.,4,2026-02-21T17:57:35+01:00,"Paseo de la Bomba 26, Bajo A, 18010 Granada","37.197188, -3.574813 - En la mediana de la avenida"
Rosa,Rubio Calvo,89941626B,784750085,rosa_rubio24@hotmail.es,Alumbrado Público,"¡URGENTE! Hay un cable electrical colgando de una farola en Calle Pavaneras, muy cerca de donde juegan los niños. Esto es un riesgo grave de electrocución!",5,2026-02-21T23:20:42+01:00,"Calle Recogidas 21, Bajo A, 18006 Granada","37.189648, -3.580900 - Junto al centro de salud"
Dolores,Castro García,18522552P,638694589,dolores.castro112@outlook.es,Alumbrado Público,"La bombilla de la farola en Calle Gracia está muy débil, apenas alumbra el suelo. Necessito que alguien la revise.",1,2026-02-21T23:22:22+01:00,"Calle Molinos 86, 6ºA, 18002 Granada","37.178688, -3.577637 - Junto al paso de peatones"
Rubén,Gutiérrez Calvo,83879600A,683540962,ruben.gutierrez266@hotmail.com,Movilidad,"El semáforo de Puerta Real parpadea constantemente en rojo, los conductores no saben si cruzar o no.",3,2026-02-22T01:00:28+01:00,"Calle Alcaicería 16, 3ºD, 18007 Granada","37.196424, -3.579572 - Cerca del cruce con Calle Mesones"
Beatriz,Cortés Romero,75645918E,637336931,beatriz.cortes676@gmail.com,Parques y Jardines,En el Jardin del Virrey hay dos bancos de madera con listones del respaldo desprendidos. Está feo pero todavía se puede utilizar.,2,2026-02-22T14:17:04+01:00,"Camino de Ronda 102, 4ºB, 18004 Granada","37.161396, -3.587837 - Junto al paso de peatones"
Francisco,Hernández Cortés,77371094Z,645848023,francisco.hernandez670@gmail.com,Limpieza,"Contenedor lleno con algunos desperdicios alrededor en Calle Navas, parece que esta haber desbordamiento. Requiere vaciado proximal.",2,2026-02-22T18:47:36+01:00,"Calle Arabial 53, Bajo B, 18012 Granada","37.160384, -3.596144 - Frente a la farmacia"
José,Gómez Rubio,78035346A,735838454,jgomez242@live.com,Parques y Jardines,El riego de la zona de tulipanes en parque Valle del Genil esta roto desde hace una semana. Las flores estan empezando a sufrir deshidratacion severa.,3,2026-02-23T09:29:19+01:00,"Calle Tablas 106, 5ºA, 18003 Granada","37.198047, -3.591084 - Junto al centro de salud"
Juan,Muñoz Ramírez,22009417G,772115060,juan_munoz36@gmail.com,Parques y Jardines,"En el parque Azae, una rama de eucalipto gruesa y larga amenaza con caer sobre el area infantil. Es un riesgo alto para los ninos que juegan.",4,2026-02-23T10:44:33+01:00,"Calle Gracia 26, 6ºA, 18011 Granada","37.199091, -3.570171 - Bajo la marquesina del autobús"
Óscar,Marín Castro,61053462P,764523776,omarin200@yahoo.es,Parques y Jardines,"Un álamo grande se ha derrumbado en la Avenida de la Paz dentro del parque, bloqueando completamente la circulacion de personas y bicicletas. Situacion crítica.",5,2026-02-23T12:29:09+01:00,"Calle Obispo Hurtado 66, 1ºC, 18002 Granada","37.190788, -3.576533 - Junto al centro de salud"
Paula,Prieto Rivera,63308423A,683155438,paula_prieto94@gmail.com,Alumbrado Público,"Farola apagada en Plaza de Mariana Pineda, pero las adyacentes están funcionando correctamente sin problema.",2,2026-02-23T12:43:43+01:00,"Camino de Ronda 17, 2ºC, 18014 Granada","37.168232, -3.570790 - En la rotonda"
Nuria,Gutiérrez León,44568244V,985988348,ngutierrez302@hotmail.com,Parques y Jardines,"El cesped del Parque de las Ciencias esta muy crecido, hace semanas que no lo cortan. Los niños no pueden jugar porque se hunde el pie.",1,2026-02-23T22:06:00+01:00,"Calle Ángel Ganivet 13, 1ºB, 18004 Granada","37.192820, -3.615740 - Frente a la iglesia"
Pedro,Blanco Torres,77742212G,699551003,pedro_blanco81@yahoo.es,Limpieza,Sustancia quimica desconocida con olor fuerte derramada en la puerta del Colegio Público Federico García Lorca. Los niños no pueden entrar sin riesgo. URGENTE.,5,2026-02-24T12:35:22+01:00,"Calle Gracia 13, 3ºB, 18004 Granada","37.190818, -3.595998 - Junto al parque infantil"
Patricia,Sánchez Cano,15747048Y,675506256,patricia.sanchez769@hotmail.es,Movilidad,"Semáforo completamente apagado en la intersección de Gran Vía y Calle Navas, es un cruce principal con mucho trafico. Peligroso.",4,2026-02-24T20:24:42+01:00,"Paseo de la Bomba 11, Bajo A, 18009 Granada","37.173643, -3.571642 - Junto al paso de peatones"
Carmen,Molina Ramírez,85212485S,681005943,carmen.molina958@yahoo.es,Alumbrado Público,He contado 6 farolas sin funcionar en toda la Calle Realejo. Es una zona donde hay mucho tráfico peatonal por la noche y es muy inseguro.,3,2026-02-25T03:15:03+01:00,"Plaza de Mariana Pineda 75, 4ºB, 18006 Granada","37.167831, -3.609513 - En la esquina con Calle Recogidas"
Mercedes,Cano Gallego,55633114R,997219950,mercedescano660@yahoo.es,Limpieza,"Papeles de periodicos y revistas mojadas dispersas en las escaleras del Paseo del Salón, producto de una bolsa rota.",1,2026-02-25T05:37:47+01:00,"Calle Profesor Emilio Orozco 113, 2ºC, 18004 Granada","37.198178, -3.599128 - Frente a la iglesia"
José,Rubio Ortiz,66361382B,768510751,jrubio176@outlook.es,Limpieza,"El contenedor marron en Calle Paz esta lleno hasta rebosar hace dos dias, hay residuos organicos fermentando. Empieza a oler muy mal.",2,2026-02-25T08:29:51+01:00,"Calle Arabial 13, 4ºC, 18011 Granada","37.192380, -3.597330 - Frente al supermercado"
Daniel,Prieto Calvo,87112872G,613998146,dprieto758@yahoo.es,Otros,Ruido perturbador de musica electronica en vivienda de la Avenida de Madrid. Tocan hasta medianoche cada dia.,3,2026-02-25T10:02:28+01:00,"Calle Mesones 76, 3ºD, 18006 Granada","37.175185, -3.576038 - Frente al portal 71"
Laura,Flores López,41480899P,699633797,laura.flores818@hotmail.com,Alumbrado Público,La Avenida Fuente Nueva está toda a obscuras. Todas las farolas parecen haver dejado de funcionar hace dias. Es imposible ver por donde caminas.,4,2026-02-25T12:24:17+01:00,"Paseo de la Bomba 12, 1ºB, 18013 Granada","37.190057, -3.622434 - En la esquina con Calle San Juan de Dios"
Rocío,Hernández García,71661176F,930808536,rhernandez129@hotmail.com,Parques y Jardines,En el Parque García Lorca hay un banco de madera con un listón roto que sobresale peligrosamente. Alguien se podría lastimar la pierna si se sienta.,2,2026-02-25T16:10:56+01:00,"Paseo de los Tristes 119, 2ºB, 18015 Granada","37.189087, -3.610797 - Al lado del contenedor de reciclaje"
Inés,Castillo Navarro,48920390B,660403643,icastillo203@outlook.es,Otros,"Tuberías rotas con escape importante de agua en Plaza Isabel la Católica, anegando los bajos comerciales.",5,2026-02-25T18:07:23+01:00,"Calle San Juan de Dios 76, 3ºD, 18009 Granada","37.197247, -3.587387 - Bajo la marquesina del autobús"
Luis,Díaz Álvarez,72925131C,945677401,luis.diaz.alvarez@hotmail.com,Movilidad,"Socavón enorme en Paseo del Salon frente al parque, se ha hundido el asfalto mas de medio metro. Imposible pasar por ahi.",5,2026-02-25T19:56:20+01:00,"Calle Gracia 78, 2ºD, 18004 Granada","37.188468, -3.604621 - En la acera izquierda"
Inés,Castro Pérez,69549075L,612650467,inescastro828@gmail.com,Parques y Jardines,El sistema de riego automatico en los arriates del Parque de la Paz no funciona desde hace 10 días. Las flores se están marchitando.,3,2026-02-26T00:07:38+01:00,"Calle Alhamar 60, 4ºC, 18002 Granada","37.166174, -3.605820 - Junto al colegio"
Adrián,Vázquez Moya,71182784S,964956825,adrian.vazquez.moya@hotmail.es,Movilidad,"La pintura blanca del paso de cebra en Calle Fuente esta casi borrada, ya no se ve casi nada donde cruzar.",1,2026-02-26T00:37:16+01:00,"Calle Real de Cartuja 115, Ático, 18005 Granada","37.199953, -3.603792 - Junto a la parada de autobús"
Alejandro,Moya Pérez,21525173W,916310318,alejandro_moya55@gmail.com,Parques y Jardines,Una rama gruesa del roble viejo en la Alameda del Tajo está muy debilitada y cuelga sobre el camino. Tengo miedo de que caiga sobre alguien cuando hay viento.,4,2026-02-26T09:34:11+01:00,"Calle Profesor Emilio Orozco 119, Ático, 18012 Granada","37.193619, -3.620799 - Junto al colegio"
Mercedes,Herrera Castro,66964184Y,935798403,mercedesherrera18@gmail.com,Limpieza,"Basura acumulada en el hueco entre los edificios de Calle Elvira durante más de una semana, incluyendo muebles viejos y escombros. Atrae muchos insectos.",3,2026-02-26T15:30:36+01:00,"Calle Real de Cartuja 84, 1ºC, 18010 Granada","37.195829, -3.592471 - Cerca del cruce con Calle Mesones"
Pablo,García Ruiz,45398165Y,615596009,pablogarcia652@live.com,Mobiliario Urbano,"Papelera de reciclaje junto al Teatro Municipal con una abolladura leve en el lateral izquierdo, sin daño en la funcionalidad.",1,2026-02-26T16:43:23+01:00,"Calle Duquesa 110, 3ºB, 18005 Granada","37.181350, -3.570086 - Bajo la marquesina del autobús"
Andrés,Pérez Díaz,95535737Q,651796389,andresperez700@live.com,Limpieza,"Liquido rojo oscuro derramado en la acera frente a la tienda de frutas de Calle Mesones, puede ser tinto o algo peor. Esta pegajoso y es un peligro de resbalón.",4,2026-02-26T19:17:20+01:00,"Plaza Bib-Rambla 118, 2ºD, 18011 Granada","37.196378, -3.593483 - Junto a la fuente"
Diego,Herrera Navarro,70270352Q,680466304,diegoherrera342@live.com,Alumbrado Público,"Cable electrico pelado y expuesto en una farola de Calle Santa Escolástica. Vi chispas saliendo de ahi. Por favor, envihen un técnico inmediatamente.",5,2026-02-27T12:08:27+01:00,"Plaza Bib-Rambla 102, 5ºB, 18014 Granada","37.155570, -3.575008 - Al lado del contenedor de reciclaje"
Pablo,Flores Ruiz,96898568M,941465904,pablo.flores134@gmail.com,Alumbrado Público,"La farola de Camino de Ronda emite una luz muy pálida, casi no ilumina nada. Convendria cambiar la bombilla o verificar la instalación.",1,2026-02-27T17:00:54+01:00,"Carrera del Darro 98, Bajo B, 18001 Granada","37.199323, -3.624263 - En la esquina con Calle Obispo Hurtado"
Rocío,Vázquez León,59346844J,640901681,rocio.vazquez167@hotmail.es,Parques y Jardines,El arbol caido en la entrada del Parque Virgen del Carmen bloquea completamente el paso. Los usuarios tienen que dar la vuelta por otra calle.,5,2026-02-27T18:58:57+01:00,"Plaza de Mariana Pineda 44, 6ºA, 18008 Granada","37.157457, -3.592816 - Frente a la farmacia"
Rafael,Gallego Martínez,26939093K,685185448,rgallego464@hotmail.es,Alumbrado Público,"Farola muerta en Calle Agua, pero a menos de 25 metros hay otra en perfecto funcionamiento.",2,2026-02-28T03:46:11+01:00,"Calle Zacatín 107, 1ºD, 18013 Granada","37.178374, -3.620380 - Junto al parque infantil"
Paula,López Ramos,62539173B,682593422,paula_lopez19@hotmail.com,Movilidad,"Varios baches pequeños en la calle Arandas, zona residencial, causan molestias a los vecinos cada día.",2,2026-02-28T11:57:14+01:00,"Calle Gonzalo Gallas 84, 2ºD, 18007 Granada","37.156283, -3.583928 - En la acera izquierda"
Sergio,León Gutiérrez,88804603Q,947811662,sergio.leon142@hotmail.es,Alumbrado Público,"Varias farolas no funcionan en Calle Fábrica de Armas. Cuatro o cinco estan apagadas en un mismo tramo, hace falta una revision general.",3,2026-02-28T18:59:13+01:00,"Acera del Darro 112, 4ºB, 18015 Granada","37.165929, -3.594846 - Junto al colegio"
Isabel,Sanz Sánchez,80953283E,678525406,isanz631@gmail.com,Limpieza,"Envoltorios de caramelos, papeles de empaques y latas vacias en el banco del Parque de las Ciencias. Solo necesita barrida.",1,2026-02-28T19:56:55+01:00,"Calle Tablas 47, 4ºB, 18007 Granada","37.184341, -3.607491 - Junto al paso de peatones"
Paula,Gómez Vázquez,89820655C,930932479,paula_gomez90@live.com,Parques y Jardines,La zona verde frente a la Plaza Nueva tiene el pasto sin cortar hace más de tres semanas. Parece un erial.,1,2026-02-28T21:43:47+01:00,"Calle Mesones 50, Ático, 18010 Granada","37.167959, -3.609543 - Junto a la fuente"
David,Rivera Medina,32201172E,622792622,drivera537@gmail.com,Parques y Jardines,En el Parque de la Constitución hay varios bancos con los asientos rotos. Algunos tienen astillas que pueden herir.,2,2026-03-01T00:07:08+01:00,"Calle Severo Ochoa 49, 5ºA, 18003 Granada","37.194267, -3.607217 - Frente al supermercado"
Laura,Rivera Gómez,29544546B,759515616,laura_rivera58@live.com,Parques y Jardines,Los aspersores del Parque del Príncipe no estan funcionando correctamente. Algunas zonas están secas y otras encharcadas.,3,2026-03-01T01:29:41+01:00,"Calle Alhamar 9, 4ºA, 18008 Granada","37.195158, -3.613991 - A la altura del número 29"
Óscar,Ortiz Gutiérrez,68601096P,954252331,oscar.ortiz922@yahoo.es,Parques y Jardines,Hay una rama gruesa del pino que ha quedado a punto de caer sobre el area de juegos infantiles del Parque de los Martires. Es muy peligroso con niños cerca.,4,2026-03-01T03:24:44+01:00,"Calle Real de Cartuja 92, Bajo B, 18014 Granada","37.166889, -3.594279 - Al lado del contenedor de reciclaje"
Irene,Rubio González,52139755C,741545157,irenerubio66@gmail.com,Otros,"Pintada en forma de etiqueta en puerta de garaje en Calle Navas, zona centro. No afecta la funcionalidad del edificio.",1,2026-03-01T09:20:31+01:00,"Calle Navas 102, 5ºA, 18009 Granada","37.169618, -3.599904 - Frente a la farmacia"
Diego,Castillo León,11590583D,617003711,diego.castillo.leon@hotmail.com,Alumbrado Público,"Todo el trayecto de la Calle Cantera está a oscuras totales, desde el cruce con Aixa hasta la calle Portobello. No hay absolutamente iluminación publica.",4,2026-03-01T14:14:45+01:00,"Calle Obispo Hurtado 53, Ático, 18002 Granada","37.198493, -3.598868 - Junto a la parada de autobús"
Iván,Navarro González,26065353M,968247592,ivan_navarro86@gmail.com,Alumbrado Público,Ayer vi que habia un conductor rozando un cable electrico suelto en la farola de Calle Los Mártires. El conductor estaba expuesto y colgando peligrosamente sobre la calle.,5,2026-03-01T15:06:57+01:00,"Avenida de Madrid 24, 4ºC, 18014 Granada","37.176235, -3.574632 - En la mediana de la avenida"
Alicia,Rubio Ruiz,85811578G,916324809,alicia_rubio65@yahoo.es,Movilidad,"El semaforo en la plaza de la Universidad falla intermitentemente, a veces funciona bien a veces no responde.",3,2026-03-01T21:36:37+01:00,"Avenida de Madrid 62, 5ºB, 18004 Granada","37.157648, -3.619299 - Bajo la marquesina del autobús"
Raquel,Sanz Guerrero,99383282Y,733698091,rsanz693@gmail.com,Limpieza,"Contenedor de vidrio en Plaza Nueva praticamente lleno, algunos botellas rodando por el suelo. Urgente vaciado.",2,2026-03-02T02:36:45+01:00,"Paseo de la Bomba 65, 3ºD, 18003 Granada","37.158524, -3.597733 - A la altura del número 17"
Adrián,Jiménez Herrera,38270485A,626673076,adrian.jimenez.herrera@yahoo.es,Movilidad,"Semáforo sin funcionar en el cruce de Calle Recogidas con Príncipes, donde hay escuela. Urgente arreglarlo ya!",4,2026-03-02T04:25:27+01:00,"Calle Reyes Católicos 25, 3ºD, 18012 Granada","37.178526, -3.621533 - Al lado del contenedor de reciclaje"
Manuel,Jiménez Prieto,91815628L,778051138,manuel.jimenez403@live.com,Movilidad,"Gran socabon en Avenida del Ejercito frente al mercado. El asfalto ha cedido completamente, hay peligro de accidente grave.",5,2026-03-02T11:14:18+01:00,"Plaza de Mariana Pineda 61, Bajo A, 18014 Granada","37.180217, -3.594532 - En la acera izquierda"
Iván,Castro Martínez,42172886V,989719453,ivan.castro.martinez@live.com,Movilidad,"Señal de limite de velocidad en Calle Ángeles borrada por la lluvia, no se lee bien el numero de km/h.",1,2026-03-02T18:53:54+01:00,"Plaza Bib-Rambla 65, 4ºA, 18002 Granada","37.192609, -3.615749 - Junto al centro de salud"
Isabel,Díaz Sanz,39255979Q,917994428,isabel.diaz.sanz@outlook.es,Limpieza,Residuos de construccion mezclados con basura doméstica acumulados en el solar de Calle Caldererria hace más de 10 días. Hay polvo de obra por toda la zona.,3,2026-03-02T19:55:15+01:00,"Calle Molinos 57, 3ºD, 18002 Granada","37.159784, -3.619285 - Frente al portal 48"
Rafael,González Núñez,52792093D,678289116,rafaelgonzalez176@hotmail.es,Movilidad,"Bache medio en Calle Navas frente al comercio de informatica, molesta al circular pero se puede pasar.",2,2026-03-03T00:19:58+01:00,"Calle Doctor Olóriz 38, 3ºC, 18007 Granada","37.177248, -3.579432 - En la acera derecha"
David,Muñoz Ramírez,68329584B,975493521,david.munoz.ramirez@gmail.com,Alumbrado Público,"La farola de la esquina de Calle Reyes Católicos con Gran Vía lleva semanas con una luz muy débil, casi no ilumina la acera.",1,2026-03-03T00:59:17+01:00,"Calle Zacatín 59, 3ºA, 18006 Granada","37.184490, -3.599857 - Junto a la parada de autobús"
Adrián,Serrano Gil,74790242S,722044335,adrian.serrano781@gmail.com,Limpieza,"Derrame de gasoil en la zona de aparcamiento de motocicletas junto a la Catedral, el olor es penetrante y hay marcas en varias plazas de parking.",4,2026-03-03T09:33:39+01:00,"Paseo de los Tristes 108, 3ºB, 18004 Granada","37.181463, -3.596320 - Frente a la farmacia"
Rubén,Iglesias Medina,42936638P,667086588,ruben.iglesias.medina@hotmail.com,Mobiliario Urbano,Banco en Parque de las Ciencias con pintura desconchada en varios puntos y pequeñas zonas oxidadas en las patas de apoyo.,2,2026-03-03T11:41:03+01:00,"Avenida de Cervantes 98, 1ºC, 18008 Granada","37.183379, -3.602300 - En la rotonda"
Cristina,Ramos Iglesias,11143374N,665336082,cristina.ramos94@hotmail.es,Limpieza,"Papeles mojados, botellas platicas rotas y una bolsa de supermercado en el peldaño del Monasterio de San Jeronimo. Afea mucho el lugar.",1,2026-03-03T12:11:05+01:00,"Avenida de Madrid 45, Bajo B, 18004 Granada","37.195576, -3.586617 - Frente al portal 14"
Juan,Torres Herrera,75036917S,922258080,juantorres940@gmail.com,Limpieza,"Contenedor lleno en Calle Ángel Ganivet, no cabe ni un papel mas. Hay bolsas en el suelo esperando recogida hace varios dias.",2,2026-03-03T14:02:16+01:00,"Calle Profesor Emilio Orozco 113, 4ºC, 18002 Granada","37.168185, -3.599402 - Al lado del contenedor de reciclaje"
Iván,Castillo Gutiérrez,15999270X,675688613,ivan.castillo96@gmail.com,Movilidad,"Semaforo en Calle Virgen del Carmen parpadea en amarillo todo el tiempo, los conductores dudan.",3,2026-03-03T21:30:42+01:00,"Calle Puentezuelas 73, 1ºD, 18004 Granada","37.172165, -3.602787 - Frente al portal 69"
Josefa,Garrido Serrano,80891685H,976133961,josefagarrido511@hotmail.es,Parques y Jardines,Un árbol de tamaño considerable se ha desplomado en el camino del Parque Figueroa. Cierra completamente el paso y hay riesgo de accidente.,5,2026-03-04T00:11:30+01:00,"Calle Mesones 98, 4ºA, 18005 Granada","37.158942, -3.582204 - Frente al supermercado"
Irene,Rivera Delgado,56706691F,757984173,irene_rivera74@outlook.es,Parques y Jardines,El cesped del parque detras del Campus de Cartuja ha crecido demasiado. Parece abandonado.,1,2026-03-04T10:58:17+01:00,"Plaza de Mariana Pineda 3, 3ºD, 18011 Granada","37.189311, -3.616044 - A la altura del número 3"
Carlos,Navarro Herrera,55359352P,612065551,cnavarro88@gmail.com,Movilidad,"El semaforo principal en Ronda Fairén esta completamente apagado, hay cola de coches. Maxima urgencia!",4,2026-03-04T15:37:18+01:00,"Calle Elvira 35, Bajo A, 18006 Granada","37.164916, -3.604394 - Junto al paso de peatones"
Sara,Rivera Cortés,72719422T,951137230,sara.rivera836@hotmail.es,Movilidad,"Socaván profundo en Calle Volcán, el asfalto se ha desprendido dejando un agujero peligroso de más de 60 cm. Necesita reparacion inmediata.",5,2026-03-04T18:27:12+01:00,"Calle Molinos 74, Bajo A, 18013 Granada","37.173938, -3.600904 - En la mediana de la avenida"
Paula,Garrido Sanz,47289834V,662176483,pgarrido662@live.com,Limpieza,Basura descomponiendose en la esquina de Calle Recogidas desde hace casi dos semanas: residuos organicos que apestan y atraen hormigas. Es inaguantable.,3,2026-03-05T03:57:58+01:00,"Calle Tinajilla 65, 2ºD, 18006 Granada","37.193594, -3.582154 - Frente a la iglesia"
Cristina,Díaz Marín,45616088G,755270875,cristina.diaz549@gmail.com,Alumbrado Público,"Farola averiada en Avenida de la Constitución frente al Mercado de Abastos, pero hay otras dos cercanas funcionando correctamente.",2,2026-03-05T09:46:40+01:00,"Calle Gonzalo Gallas 29, Ático, 18006 Granada","37.177389, -3.599393 - Junto al colegio"
Laura,López Medina,89371374K,614259182,laura.lopez904@gmail.com,Limpieza,"Vertido de productos quimicos sin identificar en la calle junto al Instituto de Enseñanza Media próximo a Parque Federico García Lorca. Hay vapores y olor toxico, los estudiantes están confinados.",5,2026-03-05T10:56:21+01:00,"Paseo de la Bomba 50, 5ºB, 18010 Granada","37.185899, -3.572232 - Frente a la iglesia"
Sara,Molina López,13424509F,720146887,smolina370@gmail.com,Otros,Ruido de musica a volumen muy alto en vivienda de Avda. Constitución pasadas las 23:00 horas. Los vecinos no logran descansar.,2,2026-03-05T13:07:11+01:00,"Calle Pedro Antonio de Alarcón 63, 2ºD, 18005 Granada","37.196587, -3.614982 - Frente a la farmacia"
Alejandro,Garrido Ortiz,70685093K,689259506,alejandro.garrido.ortiz@hotmail.com,Mobiliario Urbano,Parada de autobús en calle Acera del Darro con cristal lateral roto con varias fisuras irradiando desde un punto de impacto.,3,2026-03-05T13:20:12+01:00,"Calle Duquesa 61, Ático, 18006 Granada","37.160443, -3.592445 - Junto al paso de peatones"
María,Ramírez Serrano,69573587J,622159456,mramirez643@gmail.com,Otros,Presencia de ratas en patio comun del bloque de la Calle Arabial. Dejan depositos fecales en areas de paso y cerca de contenedores.,3,2026-03-05T15:33:26+01:00,"Calle Severo Ochoa 118, 4ºA, 18008 Granada","37.195535, -3.612588 - Al lado del contenedor de reciclaje"
Rafael,Rodríguez Pérez,47670820P,643706981,rafael.rodriguez806@live.com,Alumbrado Público,"Las tres farolas de la plaza Bib-Rambla estan todas apagadas simultaneamente, zona muy oscura para transeuntes.",3,2026-03-05T22:03:53+01:00,"Camino de Ronda 103, 1ºB, 18014 Granada","37.194207, -3.587245 - Frente a la iglesia"
Juan,Ruiz Serrano,39596704L,939101284,juanruiz711@outlook.es,Alumbrado Público,"Cable electrico pelado colgando de los postes en Calle Navas, presenta riesgo de electrocucion inmediato.",5,2026-03-05T22:26:13+01:00,"Calle Navas 69, Bajo A, 18009 Granada","37.190061, -3.612539 - En la acera derecha"
Diego,Ramos García,35234868H,981907054,diegoramos237@yahoo.es,Limpieza,"Papeles de periodico esparcidos en la parada de autobus de San Juan de Dios, algunos pegados en el vidrio. Necesita una limpieza superficial.",1,2026-03-06T03:48:35+01:00,"Paseo de los Tristes 74, 2ºC, 18007 Granada","37.198858, -3.588981 - Bajo la marquesina del autobús"
Alicia,Gil Domínguez,12369175M,934967995,agil173@yahoo.es,Limpieza,Papeles de periódico y envases de café esparcidos en la acera de la Calle Reyes Católicos esquina Gran Vía. Los ciudadanos tienen que sortearlos al pasar.,1,2026-03-06T06:52:56+01:00,"Calle Arabial 73, 3ºC, 18008 Granada","37.193627, -3.583194 - Cerca del cruce con Calle San Juan de Dios"
Jesús,Pérez González,62091100R,937353979,jesus.perez.gonzalez@gmail.com,Movilidad,"Poste de señalizacion inclinado en Avenida Fuentenueva, la señal de dirección proibida se ve mal. Ay que hacerlo recto.",1,2026-03-06T07:17:32+01:00,"Calle Sierpe 12, 3ºA, 18007 Granada","37.199363, -3.581648 - En la rotonda"
Javier,López González,18333248V,982578067,javier.lopez87@gmail.com,Movilidad,"Baches en Calle San Matías tras las obras, ahora hay 3 o 4 pequeños baches que afectan la comodidad.",2,2026-03-06T08:05:47+01:00,"Calle Ángel Ganivet 100, Bajo B, 18010 Granada","37.175418, -3.617578 - En la mediana de la avenida"
Lucía,Rodríguez Moreno,48504316F,943276760,lucia_rodriguez32@live.com,Movilidad,"El semaforo de Calle Elvira funciona pero parpadea cada 3 segundos en rojo, confunde a conductores y peatones.",3,2026-03-06T09:48:58+01:00,"Avenida de Dílar 112, 3ºA, 18002 Granada","37.165947, -3.605510 - Al lado del contenedor de reciclaje"
Luis,Herrera Prieto,30592732H,932726535,luisherrera141@yahoo.es,Parques y Jardines,Varios bancos en la Avenida del Hospicio tienen los reposapiés sueltos y moviéndose. Muy incomodo para los ancianos.,2,2026-03-06T11:56:36+01:00,"Calle Doctor Olóriz 60, 2ºA, 18006 Granada","37.183107, -3.602474 - En la rotonda"
Álvaro,Ruiz Pérez,24714183Q,745312299,alvaro.ruiz810@outlook.es,Otros,Fuga de agua importante en colector principal bajo calzada en Plaza Nueva. Agua emerge del pavimento formando surco en la calzada.,4,2026-03-06T15:43:19+01:00,"Calle Profesor Emilio Orozco 64, 2ºB, 18004 Granada","37.155333, -3.623491 - Bajo la marquesina del autobús"
Nuria,Iglesias Vázquez,75514597P,992924721,nuria.iglesias.vazquez@hotmail.es,Parques y Jardines,El sistema de riego en los jardines del Parque de San Jerónimo está averiado. Los arboles jovenes necesitan agua urgente.,3,2026-03-06T17:49:18+01:00,"Calle Tablas 13, 5ºA, 18009 Granada","37.161977, -3.607344 - Junto a la parada de autobús"
Patricia,Torres Romero,13057229Z,612415263,ptorres845@live.com,Limpieza,"El contenedor de la Plaza Nueva esta bastante lleno, con bolsas apiladas en su alrededor pero todavia caben cosas.",2,2026-03-06T17:49:24+01:00,"Paseo de los Tristes 34, 4ºC, 18011 Granada","37.194049, -3.617925 - Junto al centro de salud"
Esperanza,Muñoz Molina,61703514B,621372912,emunoz624@hotmail.es,Limpieza,"Vertido de aceite de motor en la Avenida de la Constitución, frente al mercadillo. Hay un charco marrón oscuro que resbalá y huele muy fuerte.",4,2026-03-06T20:08:13+01:00,"Calle Zacatín 57, 3ºA, 18007 Granada","37.165009, -3.596463 - Frente a la iglesia"
Fernando,Gómez Molina,40492231H,920556507,fgomez546@hotmail.com,Mobiliario Urbano,Bolardo en esquina de calle Santa Escolastica completamente arrancado del pavimento dejando un hoyo de medio metro que puede causar caidas.,4,2026-03-07T06:55:32+01:00,"Calle Recogidas 109, 4ºC, 18010 Granada","37.165265, -3.599966 - Al lado del contenedor de reciclaje"
Pilar,Gutiérrez Moreno,96261087S,681435209,pgutierrez853@gmail.com,Alumbrado Público,"La iluminacion en Calle Ángel Ganivet tiene el nivel muy bajo, las bombillas necessitan reemplazo urgentemente.",1,2026-03-07T23:18:42+01:00,"Calle San Antón 45, 1ºA, 18014 Granada","37.187006, -3.605331 - En la acera izquierda"
Laura,Domínguez González,39310358T,679130612,lauradominguez834@gmail.com,Parques y Jardines,Una rama muy gruesa y peligrosa del poplо en la Av. de la Constitución amenaza con caer sobre los coches estacionados.,4,2026-03-08T03:10:37+01:00,"Calle Navas 87, 2ºB, 18010 Granada","37.166917, -3.624669 - Junto al quiosco de prensa"
Juan,Iglesias Vázquez,74181613N,775722243,jiglesias216@gmail.com,Otros,Avispero activo en soffit de vivienda en Barrio del Albaicin. Peligro de picaduras a vecinos y mascotas.,5,2026-03-08T04:41:38+01:00,"Calle Zacatín 96, 1ºD, 18012 Granada","37.169798, -3.596576 - Frente al portal 17"
David,Gallego Torres,50830462W,643004831,david.gallego.torres@hotmail.com,Parques y Jardines,El arbol caído en el Parque de Agustín Marañón tiene todas las ramas extendidas sobre el camino principal. No se puede pasar sin esquivarlo.,5,2026-03-08T09:38:35+01:00,"Acera del Darro 18, 2ºC, 18004 Granada","37.186367, -3.619181 - Al lado del contenedor de reciclaje"
Miguel,Castro López,16631219B,910956000,miguelcastro606@gmail.com,Limpieza,Bolsas de basura acumuladas desde hace más de una semana en la calle Elvira. Atrae ratas y produce malos olores en todo el barrio.,3,2026-03-08T10:16:04+01:00,"Camino de Ronda 30, 1ºD, 18007 Granada","37.198699, -3.600244 - Frente a la farmacia"
Ramón,Vázquez León,61545073V,728413728,ramonvazquez277@live.com,Parques y Jardines,En el Parque de los Mártires el pasto está sin cortar desde hace un mes. Hay hierbajos por todas partes.,1,2026-03-08T11:20:21+01:00,"Calle Recogidas 10, 2ºB, 18001 Granada","37.173604, -3.584680 - Frente a la farmacia"
Antonio,Navarro Muñoz,45242718Q,624739078,antonio.navarro.munoz@gmail.com,Limpieza,Envoltorios de golosinas y botellas de plástico en los escalones de la Catedral. Afea mucho el monumento histórico.,1,2026-03-08T14:38:53+01:00,"Calle Pedro Antonio de Alarcón 63, 4ºB, 18001 Granada","37.187313, -3.615124 - En la rotonda"
Amparo,Flores Ramírez,24498500G,727098334,aflores469@live.com,Parques y Jardines,Un banco en el Paseo del Violon tiene un listón lateral desprendido que cuelga peligrosamente. Necesita reparacion urgente.,2,2026-03-08T15:04:38+01:00,"Acera del Darro 39, 4ºC, 18003 Granada","37.176030, -3.589294 - Junto al paso de peatones"
Rosa,Ramos Rubio,28213496V,948979995,rosa.ramos371@hotmail.com,Mobiliario Urbano,"Toldo metalico de zona comercial en calle Reyes Católicos con riostras desprendidas y cables colgando, riesgo grave de caida de piezas.",5,2026-03-08T17:21:45+01:00,"Calle Tablas 65, 5ºB, 18006 Granada","37.191313, -3.591947 - Junto al quiosco de prensa"
Rubén,Sánchez Gil,54464669W,785885157,rubensanchez319@outlook.es,Limpieza,"Contenedor de recicla desbordado en Camino de Ronda, con cartones fuera. Se podría compactar mais hay basura que sale.",2,2026-03-08T18:22:28+01:00,"Calle Obispo Hurtado 71, Ático, 18007 Granada","37.172063, -3.591294 - Frente a la iglesia"
Esperanza,Garrido Ortiz,13399953S,711186475,esperanza.garrido.ortiz@gmail.com,Limpieza,Se ha producido un vertido de residuos industriales (pintura y disolventes) en la zona de juegos infantiles del Parque de las Ciencias. Huele a químicos y hay charcos de colores raros.,5,2026-03-08T23:11:44+01:00,"Calle San Antón 22, 1ºA, 18008 Granada","37.178535, -3.576744 - Junto al colegio"
Daniel,León Guerrero,68149162R,974167662,daniel.leon.guerrero@gmail.com,Mobiliario Urbano,"Papelera municipal en plaza Bib-Rambla con pequeña deformación en el cuerpo, sin afectar la recolección de basura.",1,2026-03-09T06:30:57+01:00,"Calle Elvira 62, Bajo B, 18001 Granada","37.184584, -3.620868 - Junto al paso de peatones"
Patricia,López Molina,82859491J,697969744,patricia.lopez967@gmail.com,Limpieza,"Papeletas de aparcamiento, chicles pegados y colillas en toda la acera de la Calle Sócrates. La acera se ve sucia pero transitable.",1,2026-03-09T09:46:21+01:00,"Calle Mesones 81, Bajo A, 18011 Granada","37.181597, -3.571687 - Junto al quiosco de prensa"
Inés,Serrano Álvarez,33456142C,715309273,inesserrano244@gmail.com,Limpieza,"Tres contenedores en la Plaza del Carmen estan practicamente llenos, con bolsas a los lados. Habria que recojer pronto.",2,2026-03-09T13:56:18+01:00,"Calle Pedro Antonio de Alarcón 11, 1ºC, 18013 Granada","37.164213, -3.611371 - A la altura del número 76"
Sergio,Marín Pérez,50488650Q,638278567,sergiomarin179@hotmail.com,Alumbrado Público,"Farola dañada en la Cuesta del Chapiz, la bombilla esta fundida pero el resto de la calle dispone de alumbrado suficiente.",2,2026-03-09T14:40:02+01:00,"Calle San Juan de Dios 17, 5ºB, 18001 Granada","37.184824, -3.588690 - Junto al centro de salud"
Marta,Martínez Martínez,34602324C,930507071,martamartinez994@yahoo.es,Otros,Grafiti con palavras ofensivas en muro de colegio en Calle Arzobispo Castro. Se ve desde la calle publica.,2,2026-03-09T23:02:15+01:00,"Plaza de Mariana Pineda 12, 4ºB, 18001 Granada","37.173783, -3.587636 - A la altura del número 58"
Rocío,Medina Herrera,67291120C,746752406,rmedina728@yahoo.es,Alumbrado Público,"Tramo completo de calle a oscuras entre Calle San Anton y Calle Elvira, aproximadamente 100 metros sin luz funcional.",4,2026-03-09T23:11:15+01:00,"Calle San Juan de Dios 27, 2ºB, 18015 Granada","37.191521, -3.604129 - En la rotonda"
Alicia,Díaz Rubio,66242261F,656587577,alicia.diaz342@outlook.es,Movilidad,Semáforo apagado en la calle Colón esquina Marqués de la Concepcíon. Es un sector de mucho transito. Riesgo alto!,4,2026-03-10T00:21:34+01:00,"Calle Alhamar 48, 4ºC, 18006 Granada","37.188074, -3.598608 - Junto al paso de peatones"
Esperanza,Medina Iglesias,57327958K,982082763,esperanza.medina831@hotmail.com,Mobiliario Urbano,Banco de madera en Paseo del Salón con barniz descascarillado y astillas pequenas visibles en el respaldo.,2,2026-03-10T02:14:14+01:00,"Calle Gracia 108, 4ºA, 18010 Granada","37.169931, -3.611886 - En la rotonda"
Irene,Gallego Díaz,65701544C,747636902,irenegallego668@outlook.es,Mobiliario Urbano,"Marquesina de espera frente a Catedral con varios cristales rotos, solo queda uno intacto, protección nula contra lluvia.",3,2026-03-10T08:09:15+01:00,"Calle Recogidas 8, 1ºC, 18010 Granada","37.165158, -3.572071 - Frente a la farmacia"
Óscar,Romero Rivera,61825130A,657095534,oromero144@gmail.com,Limpieza,"Montaña de escombros y bolsas de basura acumuladas desde hace 10 días en la calle Tablas, esquina Buen Pastor. Hay hormigas y mosquitos.",3,2026-03-10T11:35:13+01:00,"Avenida de la Constitución 105, 1ºA, 18012 Granada","37.169216, -3.599162 - Frente al supermercado"
Patricia,Sanz Guerrero,79138136N,649198849,psanz761@gmail.com,Movilidad,"Socavon enorme en Paseo de los Mártires, se ha formado un agujero profundo que impedé el paso de vehiculos normales. Urgunte reparar.",5,2026-03-10T11:38:58+01:00,"Acera del Darro 55, 3ºC, 18002 Granada","37.186857, -3.606282 - Frente al supermercado"
Amparo,Navarro Herrera,40804412C,788674676,amparonavarro529@yahoo.es,Movilidad,"La señal de stop en la esquina de Calle Navas con Gran Vía esta completamente desgastada, casi no se ve el simbolo. Lleva meses asi y es un peligro.",2,2026-03-10T17:36:10+01:00,"Calle Severo Ochoa 59, 1ºA, 18006 Granada","37.167111, -3.589723 - En la rotonda"
Óscar,Herrera Romero,44318851J,938655197,oscarherrera418@hotmail.es,Alumbrado Público,Hay un foco suelto colgando del poste en Avenida Gran Vía que puede caer sobre los peatones en cualquier momento.,5,2026-03-11T00:33:34+01:00,"Calle Alhamar 20, 1ºA, 18007 Granada","37.178741, -3.588829 - Bajo la marquesina del autobús"
Raquel,Medina Jiménez,70125272C,930503867,rmedina572@gmail.com,Limpieza,Derrame de aceite vegetal procedente de un restaurante en la Avenida Puerta Real. La calle esta resbaladiza y peligrosa para los coches.,4,2026-03-11T04:48:16+01:00,"Calle Duquesa 98, 2ºB, 18008 Granada","37.197789, -3.614514 - Junto a la parada de autobús"
Carmen,Sánchez Ortiz,64851728P,673594736,carmen.sanchez.ortiz@yahoo.es,Alumbrado Público,"La farola del Paseo de los Tristes brinda poca claridad, es dificil ver bien al caminar por ahi de noche.",1,2026-03-11T05:37:42+01:00,"Gran Vía de Colón 84, 3ºC, 18012 Granada","37.199276, -3.595482 - En la acera izquierda"
Nuria,Castro Jiménez,28517552J,932611723,nuriacastro635@gmail.com,Movilidad,Hay un bache enorme en la Avenida Constitución justo en la linea del autobús. Ya han sufrido varios accidentes de motos aqui. Necesita reparación urgente.,5,2026-03-11T06:25:39+01:00,"Calle San Juan de Dios 46, 5ºA, 18013 Granada","37.195679, -3.581071 - En la rotonda"
Enrique,Alonso Gómez,58709950N,680126942,enrique_alonso34@outlook.es,Alumbrado Público,"Farola sin funcionamiento en Calle Tiendecilla junto a otras que si estan encendidas, necesita reparación.",2,2026-03-11T06:44:30+01:00,"Calle Gracia 11, 5ºA, 18009 Granada","37.169425, -3.623937 - Junto al centro de salud"
David,Herrera Gómez,73983217Z,642594027,david_herrera68@gmail.com,Parques y Jardines,Los sistemas de riego del Parque de la Zubia están averiados desde hace una semana. Las flores de ornamentación se están muriendo.,3,2026-03-11T06:55:36+01:00,"Avenida de Dílar 21, 4ºB, 18008 Granada","37.191141, -3.603143 - En la acera derecha"
Lucía,González Rubio,48965253R,772828465,lucia.gonzalez.rubio@yahoo.es,Otros,Olores desagradables fuertes provenientes de alcantarilla en esquina Calle Reyes Catolicos y Gran Vía. Ciudadanos reportan malestar.,2,2026-03-11T11:52:34+01:00,"Plaza Bib-Rambla 45, 3ºC, 18002 Granada","37.198717, -3.590847 - Junto al quiosco de prensa"
Álvaro,Delgado Núñez,99615461T,984937862,alvarodelgado878@yahoo.es,Alumbrado Público,"Las cuatro farolas de la Plazuela de Santo Tomás no iluminan, la zona es muy peligrosa para pasar de noche.",4,2026-03-11T15:34:16+01:00,"Calle Sierpe 101, 3ºD, 18003 Granada","37.199102, -3.580980 - Frente a la farmacia"
Sofía,Domínguez García,13627574M,940620610,sofiadominguez550@gmail.com,Alumbrado Público,Cable eléctrico caido en la calle San Jerónimo generando riesgo de accidente grave para peatones y vehiculos.,5,2026-03-12T02:36:34+01:00,"Calle Arabial 50, 3ºB, 18009 Granada","37.176317, -3.578611 - En la acera izquierda"
José,Castro Navarro,85196920K,990131754,jcastro45@hotmail.es,Movilidad,"El semáforo de la intersección de Calle Recogidas con Sanauja está parando de funcionar intermitentemente, alternando entre rojo y apagado sin razón.",3,2026-03-12T12:36:56+01:00,"Calle Recogidas 17, 5ºA, 18010 Granada","37.163506, -3.570885 - Junto al paso de peatones"
Fernando,Blanco Rodríguez,36736960A,652988273,fernando.blanco264@gmail.com,Alumbrado Público,"Bombilla muy tenue en Avenida del Campismo, apenas se ve la acera pero la zona tiene luz adecuada en otros puntos.",1,2026-03-13T04:44:42+01:00,"Paseo del Salón 57, 1ºB, 18009 Granada","37.192285, -3.612041 - Junto al paso de peatones"
María,Herrera Delgado,27137254Z,986230481,mariaherrera744@hotmail.com,Movilidad,Las líneas de paso de peatones en Plaza Nueva estan casi completamente borradas por el tiempo. Los conductores no las ven.,1,2026-03-13T06:59:21+01:00,"Calle Molinos 81, 5ºA, 18002 Granada","37.186647, -3.590729 - Cerca del cruce con Calle Obispo Hurtado"
Miguel,Gutiérrez Jiménez,37878674C,766557075,miguel.gutierrez578@gmail.com,Limpieza,Envoltorios de aluminio y bolsas de plástico dispersas en los jardines del Realejo. Se ve abandonado pero sin gravedad.,1,2026-03-13T12:31:36+01:00,"Gran Vía de Colón 34, Ático, 18008 Granada","37.191675, -3.612221 - Junto al quiosco de prensa"
Andrea,Calvo Marín,36818899Q,933400805,andrea_calvo69@gmail.com,Alumbrado Público,"Farola rota en Plaza Nueva, el cristal está rajado pero aún emite algo de luz, las cercanas funcionan bien.",2,2026-03-13T12:48:49+01:00,"Calle Gonzalo Gallas 38, 2ºC, 18014 Granada","37.190075, -3.594319 - En la esquina con Calle Real de Cartuja"
Alberto,Hernández Delgado,59848346T,661474091,alberto_hernandez99@hotmail.com,Mobiliario Urbano,"Bolardo de metal en avenida principal arrancado parcialmente, colgando del pavimento y creando una trampa de tropiezo immediata.",4,2026-03-13T12:58:24+01:00,"Paseo del Salón 21, Bajo B, 18011 Granada","37.169426, -3.590633 - Junto al centro de salud"
Fernando,Sánchez Romero,66025835B,691120122,fernando.sanchez.romero@gmail.com,Limpieza,Contenedor de basura organica en calle Calderería Nueva que esta lleno hasta arriba. Hay moscas y comienza a oler fuerte.,2,2026-03-13T16:41:20+01:00,"Avenida de Cervantes 41, Bajo B, 18012 Granada","37.178375, -3.601746 - Frente al portal 52"
Carmen,Calvo Ortiz,38429532M,625257556,carmen.calvo.ortiz@hotmail.es,Parques y Jardines,Hay una rama del arce que cuelga sobre el parque infantil de la Plaza del Carmen. Parece que puede desprenderse en cualquier momento con peligro para los críos.,4,2026-03-13T16:53:15+01:00,"Calle San Antón 47, 1ºA, 18010 Granada","37.156263, -3.580406 - Junto al parque infantil"
Enrique,Cano Díaz,23743142N,683870870,enrique.cano.diaz@gmail.com,Movilidad,Socavón de casi 1 metro de profundidad en la calle principal de Puerta Real. Los vehiculos están esquivandolo pero hay riesgo de accidente.,5,2026-03-13T19:11:59+01:00,"Calle Reyes Católicos 36, 2ºD, 18001 Granada","37.193923, -3.589139 - En la acera izquierda"
Sara,Blanco Castro,87334043F,729321844,sarablanco640@gmail.com,Mobiliario Urbano,"Escalera metalica de emergencia en sótano con peldaños sueltos y barandilla desprendida en la mitad superior, estructuralmente comprometida.",5,2026-03-14T08:11:19+01:00,"Calle Doctor Olóriz 14, 5ºB, 18005 Granada","37.186424, -3.591786 - A la altura del número 29"
Beatriz,Prieto Gómez,70522353Y,639885463,beatriz.prieto.gomez@gmail.com,Limpieza,"Vertido de gasoil en la calzada frente a la Escuela Infantil Príncipe de Asturias, en el barrio del Albaicín. Peligroso para los niños que juegan cerca.",5,2026-03-14T18:36:24+01:00,"Calle Recogidas 113, 6ºA, 18010 Granada","37.173424, -3.619053 - En la esquina con Plaza Bib-Rambla"
David,Martínez Martínez,41115247X,651341079,dmartinez132@outlook.es,Limpieza,"Basura acumulada (bolsas abiertas, cartones mojados y restos de comida) en la calle Ángel Ganivet desde hace varios dias. Atrae palomas y hay olor nauseabundo.",3,2026-03-15T01:20:49+01:00,"Calle Molinos 6, 1ºB, 18008 Granada","37.190835, -3.602000 - Cerca del cruce con Paseo del Salón"
Rubén,Calvo Castillo,49333163A,756856964,rcalvo381@live.com,Mobiliario Urbano,"Papelera en calle Elvira con golpe profundo lateral, dificil de abrir pero aun funcional para depositar residuos.",1,2026-03-15T04:50:11+01:00,"Calle Gracia 84, 2ºC, 18009 Granada","37.174809, -3.590509 - Junto al centro de salud"
Rosa,Sánchez González,89083328G,795162704,rosa.sanchez697@hotmail.es,Parques y Jardines,Un árbol de gran tamaño se ha caído completamente en el Parque de la Virgen del Rocío bloqueando el unico acceso peatonal. Es una situación peligrosa.,5,2026-03-15T04:57:08+01:00,"Paseo de los Tristes 120, 5ºA, 18014 Granada","37.189283, -3.589105 - En la acera derecha"
Rafael,Ortiz Ramírez,60391556L,988088286,rafael.ortiz.ramirez@gmail.com,Limpieza,"Papeles, botellas y latas de refreso alrededor de las papeleras del Paseo de los Tristes. Estan llenas pero es solo basura superficial.",1,2026-03-15T11:06:48+01:00,"Calle Tinajilla 47, 5ºA, 18009 Granada","37.199865, -3.616197 - En la rotonda"
Amparo,Muñoz Torres,36041755L,689386851,amunoz807@hotmail.es,Parques y Jardines,"El cesped del parque de la Fuente Verde esta muy crecido, hace meses que no lo cortan. Necesita mantenimiento urgente.",1,2026-03-15T11:35:21+01:00,"Calle Sierpe 4, 5ºA, 18013 Granada","37.195249, -3.591115 - En la mediana de la avenida"
Isabel,Álvarez Torres,86558002D,636857655,isabel.alvarez482@yahoo.es,Mobiliario Urbano,"Banco en Plazuela de Xunqueras con pintura agrietada, peladuras extensas y oxido visible en varias juntas de soldadura.",2,2026-03-15T12:54:33+01:00,"Calle Elvira 73, Bajo B, 18001 Granada","37.180232, -3.610068 - Al lado del contenedor de reciclaje"
Pablo,Torres González,42519451H,643661771,ptorres798@live.com,Otros,"Botellón de jovenes en Plaza del Carmen durante la madrugada. Botellas rotas, ruidos y daños al mobiliario urbano.",3,2026-03-15T21:13:29+01:00,"Calle Gonzalo Gallas 106, 6ºA, 18001 Granada","37.188702, -3.606119 - Junto al parque infantil"
Diego,Pérez Martínez,25417957J,691916719,diego.perez691@yahoo.es,Parques y Jardines,"Hay una rama gruesa del roble en Parque García Lorca que está a punto de desprenderse, pasa gente por debajo constantemente. Es peligroso.",4,2026-03-16T01:37:16+01:00,"Paseo de los Tristes 98, 1ºB, 18002 Granada","37.187867, -3.598079 - En la acera izquierda"
Iván,Ramos Medina,11225337A,979979638,ivanramos884@outlook.es,Movilidad,El poste indicador de la calle Ángel Ganivet tiene la placa doblada y torcida hacia un lado. No se puede leer bien la informacion.,1,2026-03-16T03:56:31+01:00,"Calle Tablas 31, 3ºC, 18004 Granada","37.160849, -3.574285 - Bajo la marquesina del autobús"
Enrique,Molina Domínguez,37540368K,680116808,enrique_molina64@outlook.es,Mobiliario Urbano,Parada de autobus en calle Tablas con cristal lateral con grieta larga en diagonal que atraviesa casi toda la superficie.,3,2026-03-16T04:13:27+01:00,"Calle Alhamar 105, 6ºA, 18015 Granada","37.162178, -3.615289 - Junto al paso de peatones"
Fernando,Rivera Gil,62827755N,767615182,fernando_rivera48@hotmail.es,Movilidad,Semáforo apagado completamente en el cruce principal de Calle Reyes Católicos con Avenida de la Paz. Hay confusión de tráfico.,4,2026-03-16T08:39:58+01:00,"Calle Zacatín 20, 3ºB, 18004 Granada","37.192710, -3.619104 - Al lado del contenedor de reciclaje"
Pedro,Delgado Martínez,67566745J,640325670,pdelgado274@gmail.com,Parques y Jardines,"El banco de madera junto a la fuente de Puerta Real tiene un liston completamente suelto, no es seguro sentarse.",2,2026-03-16T09:02:02+01:00,"Calle Obispo Hurtado 55, 2ºD, 18002 Granada","37.173209, -3.592930 - Junto a la fuente"
Francisco,Flores Gallego,54642975N,985879250,francisco.flores.gallego@hotmail.es,Limpieza,Contenedor en la Avenida Fuentenueva que no se ha recogido en días y esta desbordando. Habria residuos en el suelo.,2,2026-03-16T13:26:31+01:00,"Calle Duquesa 60, 6ºA, 18007 Granada","37.172227, -3.599874 - En la acera izquierda"
Dolores,García Iglesias,93652824K,610116114,dolores_garcia19@gmail.com,Alumbrado Público,"Cinco farolas consecutivas apagadas en Calle Larga, dejando un tramo peligrosamente iluminado para circulacion nocturna.",3,2026-03-17T00:40:42+01:00,"Avenida de la Constitución 45, 3ºD, 18008 Granada","37.165229, -3.598345 - En la acera izquierda"
Patricia,Cortés Alonso,34945341S,930690530,pcortes672@gmail.com,Parques y Jardines,"El sistema de riego del Jardín Botánico está averiado, las plantas están secas hace una semana. Hay que repararlo urgentemente.",3,2026-03-17T13:43:40+01:00,"Calle Zacatín 56, 3ºA, 18008 Granada","37.167429, -3.596366 - En la mediana de la avenida"
Elena,Blanco Ramos,84721698W,629594512,elena.blanco143@outlook.es,Alumbrado Público,"Calle Zacatín completamente a oscuras en varios tramos, imposible transitar con seguridad tras el anochecer.",4,2026-03-17T15:17:03+01:00,"Gran Vía de Colón 114, 3ºA, 18006 Granada","37.176191, -3.572934 - Junto al colegio"
Marta,Gallego Rubio,14216882F,926999685,mgallego591@outlook.es,Limpieza,"Basura acumulada desde mas de una semana en el patio trasero de la calle Navas, con bolsas rotas y restos de construcción. Muy sucio y deteriorado.",3,2026-03-17T17:00:59+01:00,"Calle Navas 84, 4ºB, 18012 Granada","37.170700, -3.589880 - Junto a la fuente"
Fernando,León Cano,76584522L,650973742,fleon104@gmail.com,Limpieza,Derrame de reactivos quimicos (probablemente de una farmacia) detras del Colegio Público Río Genil. Hay botellas rotas y el suelo esta teñido de rojo.,5,2026-03-18T01:04:45+01:00,"Plaza de Mariana Pineda 48, Ático, 18013 Granada","37.161147, -3.605623 - Cerca del cruce con Calle Zacatín"
Sofía,Herrera Ortiz,26505160Y,797945584,sofia.herrera.ortiz@hotmail.com,Limpieza,Algunos papeles de programa y confeti en la acera de la Calle Gracia después de una manifestación. Se limpian facilmente.,1,2026-03-18T05:48:08+01:00,"Calle Doctor Olóriz 103, Bajo A, 18013 Granada","37.174083, -3.590346 - Frente a la farmacia"
Paula,Martínez Ruiz,93064284M,754393478,paulamartinez231@hotmail.es,Movilidad,Varios baches medianos formando una serie en la calle Merchant que estan deteriorando los coches y motos.,2,2026-03-18T07:02:00+01:00,"Calle Sierpe 102, 6ºA, 18004 Granada","37.186265, -3.600927 - Frente al portal 59"
Daniel,Vázquez Garrido,44172715L,946178544,daniel.vazquez138@gmail.com,Movilidad,La señal de prohibido estacionar en Calle Tablas tiene tanto óxido que apenas se distingue. Parece antiga y sin mantenimiento.,1,2026-03-18T09:19:46+01:00,"Calle Doctor Olóriz 35, 1ºC, 18012 Granada","37.194317, -3.584938 - Frente a la farmacia"
Juan,Ruiz Delgado,11364574K,934115907,juan.ruiz.delgado@outlook.es,Limpieza,"Hay papeles de McDonald's y bolsas plasticas esparcidas en la acera de Avenida Constitución, frente al centro comercial. Los transeuntes tienen que pisar entre la basura.",1,2026-03-18T10:52:40+01:00,"Calle Mesones 87, 2ºA, 18010 Granada","37.186070, -3.576132 - Bajo la marquesina del autobús"
Rafael,Guerrero Delgado,87450375M,682690422,rafael.guerrero.delgado@hotmail.es,Mobiliario Urbano,"Bolardo divisor de acera en calle Santa Cruz arrancado y desaparecido, dejando zona de riesgo sin demarcación para vehiculos.",4,2026-03-18T13:09:16+01:00,"Calle Severo Ochoa 97, 6ºA, 18002 Granada","37.180847, -3.607534 - Frente a la iglesia"
Miguel,Sánchez Serrano,66904928K,636199037,miguel.sanchez364@gmail.com,Movilidad,Fisura grande en el asfalto de la Avenida del Ejército que se está agrandando cada semana. Hay peligro de socavón en poco tiempo.,3,2026-03-18T13:12:39+01:00,"Calle Tinajilla 116, 1ºD, 18005 Granada","37.158455, -3.601181 - Al lado del contenedor de reciclaje"
Rubén,Domínguez Castillo,45448286X,952455229,ruben.dominguez456@hotmail.es,Mobiliario Urbano,"Estructura de toldo en patio comercial Bonsai con anclajes aflojados, oscilaciòn visible y peligro inminente de colapso parcial.",5,2026-03-18T18:55:17+01:00,"Calle Pedro Antonio de Alarcón 94, 1ºB, 18004 Granada","37.187746, -3.570669 - En la acera derecha"
Pilar,Pérez González,88995034F,962778672,pilar.perez212@yahoo.es,Mobiliario Urbano,"La papelera de la plaza de la Universidad esta completamente abollada por todos lados, parece que alguien la ha golpeado con algo pesado. No funciona bien la tapa.",1,2026-03-18T19:26:38+01:00,"Calle Doctor Olóriz 27, 2ºC, 18001 Granada","37.160725, -3.588352 - Junto al paso de peatones"
Javier,Medina Álvarez,18725177A,927125446,javier.medina.alvarez@hotmail.es,Limpieza,"El contenedor de recogida selectiva en Plaza Bib-Rambla está prácticamente lleno, con bolsas fuera durante ya tres dias. Huele muy mal.",3,2026-03-19T01:32:42+01:00,"Calle San Antón 25, 5ºB, 18004 Granada","37.187785, -3.579456 - Junto al parque infantil"
Miguel,Castro Jiménez,83695509G,665619864,miguel_castro26@outlook.es,Mobiliario Urbano,"El banco de madera en Cuesta de Gómez tiene la pintura descascarillada en casi toda la estructura, expone la madera sin tratar que se ve deteriorada. Necesita mantenimiento urgente.",2,2026-03-19T03:29:00+01:00,"Calle Zacatín 105, 2ºC, 18014 Granada","37.181144, -3.581421 - Junto al centro de salud"
Lucía,León Gutiérrez,43486121K,948427162,lleon343@gmail.com,Alumbrado Público,"La iluminacion de Calle Panaderos es muy debil en comparación con otras vias, se necesita mejorar.",1,2026-03-19T19:03:43+01:00,"Plaza de Mariana Pineda 38, 3ºA, 18012 Granada","37.187076, -3.574433 - Frente a la farmacia"
María,Torres Prieto,20447627Y,991095389,mariatorres466@gmail.com,Alumbrado Público,"Farola fundida en Calle Agua, pero las adyacentes mantienen el alumbrado de la zona en condiciones aceptables.",2,2026-03-20T05:43:19+01:00,"Avenida de la Constitución 84, 1ºA, 18011 Granada","37.176552, -3.605454 - Junto a la parada de autobús"
Carmen,Jiménez Moreno,83431478J,933747460,carmen.jimenez.moreno@gmail.com,Limpieza,"Envoltorios de caramelos y papeletas electorales en la acera de Calle Reyes Católicos, cerca del Corte Inglés.",1,2026-03-20T11:51:42+01:00,"Camino de Ronda 15, 3ºB, 18011 Granada","37.179929, -3.605740 - Junto a la parada de autobús"
Andrés,Molina Prieto,33118173J,946558865,andres_molina61@gmail.com,Parques y Jardines,Un árbol de gran tamaño ha caido en el paseo de los Tristes blokeando completamente el camino. Nadie puede pasar.,5,2026-03-20T11:52:31+01:00,"Calle Severo Ochoa 112, Bajo A, 18015 Granada","37.164757, -3.572561 - Junto a la fuente"
Daniel,Ortiz Gómez,77915357M,996809943,daniel.ortiz.gomez@hotmail.com,Limpieza,"Se ha vertido aceite de motor en la calzada de Calle Nabataéa, créo que viene de un coche. La mancha ocupa aproximadamente 3 metros.",4,2026-03-21T05:17:08+01:00,"Calle Obispo Hurtado 19, 5ºA, 18008 Granada","37.167222, -3.619989 - A la altura del número 5"
Dolores,Romero Hernández,64409096B,777187909,dolores_romero95@gmail.com,Movilidad,"El semáforo peatonal de la Carrera del Darro esta dandose por vencido, parpadea sin patrón fijo y no responde bien.",3,2026-03-21T07:02:08+01:00,"Carrera del Darro 59, 4ºB, 18009 Granada","37.170584, -3.593565 - Junto al parque infantil"
Raquel,Pérez Navarro,51068479S,680179536,raquel.perez455@hotmail.es,Limpieza,"Botellas vacias y latas de cerveza acumuladas en la esquina de Calle Santa Escolástica y Calle San Pedro, lleva ahi mas de 4 dias.",3,2026-03-21T12:13:11+01:00,"Avenida de Cervantes 50, 1ºD, 18012 Granada","37.163496, -3.580442 - En la rotonda"
Rafael,Alonso Moreno,81007523M,933306038,rafaelalonso969@yahoo.es,Limpieza,"Un envase de refrescos roto en la acera del Paseo de los Mártires, no es gran cosa.",1,2026-03-21T14:40:22+01:00,"Calle Obispo Hurtado 99, 2ºD, 18004 Granada","37.180799, -3.595354 - Bajo la marquesina del autobús"
Antonio,Jiménez Medina,85928929D,913973553,antonio.jimenez.medina@hotmail.com,Alumbrado Público,"Transformador expuesto con cables sueltos junto a la farola de Plaza del Carmen, presenta peligro inmediato.",5,2026-03-21T15:33:42+01:00,"Calle San Juan de Dios 56, 1ºD, 18012 Granada","37.163320, -3.589471 - Frente al supermercado"
Pablo,Molina Ramos,85288620C,666872546,pmolina236@live.com,Movilidad,Pozo de obra sin protección en Calle Santa Escolastica que se vio hace semanas. Sigue ahi sin tapar.,5,2026-03-21T23:14:22+01:00,"Calle Severo Ochoa 72, Ático, 18002 Granada","37.175698, -3.580147 - Frente al portal 54"
Pilar,Molina Castro,82660301A,618618382,pilarmolina267@gmail.com,Alumbrado Público,Tres farolas del Paseo de la Bomba estan inoperativas dejando un segmento de la calle bastante oscuro y poco seguro.,3,2026-03-22T06:06:04+01:00,"Paseo del Salón 1, 4ºA, 18010 Granada","37.156663, -3.588534 - Junto al parque infantil"
Iván,Gil López,54086055Z,739931847,ivan.gil678@gmail.com,Limpieza,El contenedor junto a la parada de autobús en Calle Príncipe está abarrotado y no cabe nada mas. Hay bolsas aguantandose a duras penas.,2,2026-03-22T09:57:20+01:00,"Calle Doctor Olóriz 51, Ático, 18007 Granada","37.187473, -3.605866 - Frente al supermercado"
Juan,Torres Moreno,51885014G,639891958,jtorres530@hotmail.com,Mobiliario Urbano,"Cristal roto en la marquesina de parada de autobús frente a la Catedral. El vidrio está rajado y astillado, peligroso si se cae. Puede cortarse la gente q espera alli.",3,2026-03-22T15:37:00+01:00,"Paseo del Salón 75, Bajo A, 18013 Granada","37.162467, -3.611002 - Junto a la fuente"
Sergio,Vázquez Ramírez,49621352W,618959882,sergio.vazquez494@outlook.es,Otros,Venta ambulante ilegal de articulos falsificados en Calle Alcaiceria. Comerciante no pose licencia y crea aglomeracion.,2,2026-03-22T21:22:28+01:00,"Gran Vía de Colón 104, 1ºC, 18010 Granada","37.166193, -3.575692 - Junto al centro de salud"
Sergio,Moya Sánchez,78749824D,938785308,sergio.moya.sanchez@gmail.com,Limpieza,"Vertido sospechoso de liquido marrón oscuro en la calle junto al CEIP San Antón, los niños pasen por ahi para entrar al colegio. Huele a quimico.",5,2026-03-23T02:23:55+01:00,"Calle Gonzalo Gallas 106, 4ºA, 18007 Granada","37.173788, -3.580201 - Junto al colegio"
Amparo,Sánchez Medina,87194643X,625018524,amparo.sanchez255@hotmail.es,Limpieza,"Papeles varios y un periodico desgarrado en los escalones del Paseo de Ronda, claramente alguien tiró la basura ahi.",1,2026-03-23T03:26:46+01:00,"Calle Alcaicería 12, 5ºA, 18010 Granada","37.182124, -3.570260 - Junto al parque infantil"
Pablo,Castro Gómez,48845132D,957259400,pablocastro514@yahoo.es,Limpieza,El contenedor de vidrio en Calle Paz está algo lleno y se ve cristal royo en el suelo. Podria aber accidentes.,2,2026-03-23T10:32:06+01:00,"Camino de Ronda 116, 2ºB, 18003 Granada","37.157523, -3.594770 - Frente a la iglesia"
Amparo,Molina Gómez,87391792A,687061919,amparo_molina68@live.com,Alumbrado Público,"La farola de la esquina de calle Recogidas con Pza. Nueva emite una luz muy debil, casi no se ve de noche. No se si sea normal o este rota.",1,2026-03-23T13:09:26+01:00,"Calle Alhamar 72, 5ºB, 18006 Granada","37.164748, -3.621640 - A la altura del número 77"
Inés,Iglesias Prieto,66218966B,977219402,iiglesias6@gmail.com,Alumbrado Público,El cable de la acometida eléctrica en calle Ángel Ganivet ha caído y cuelga sobre la calzada. Hay riesgo de electrocución para los vehículos y personas que pasen.,5,2026-03-23T20:48:30+01:00,"Avenida de Madrid 9, 2ºD, 18004 Granada","37.196320, -3.592499 - En la acera derecha"
Lucía,Prieto García,95634159K,767723443,lucia_prieto68@hotmail.com,Otros,Escape de gas detectado en tuberías de vivienda en Calle Elvira. Olor caracteristico de gas en zona de escaleras del edificio.,5,2026-03-23T22:54:36+01:00,"Avenida de Madrid 112, 1ºD, 18012 Granada","37.169316, -3.613374 - Frente a la iglesia"
Andrés,López Flores,16952533S,657550497,alopez847@gmail.com,Mobiliario Urbano,"Bolardo de seguridad completamente arrancado en la calle Navas, dejando un hueco profundo en el suelo que es un peligro para peatones y bicicletas. He visto a varias personas casi tropezar.",4,2026-03-24T02:11:23+01:00,"Calle Duquesa 19, 1ºC, 18005 Granada","37.186390, -3.584865 - Al lado del contenedor de reciclaje"
Luis,Núñez Pérez,75052567W,685898710,luis_nunez39@gmail.com,Alumbrado Público,"Farola en Cuesta del Chapiz completamente apagada. Hai otras más cerca que funcionan normalmente, pero esta zona queda algo mas oscura.",2,2026-03-24T02:18:14+01:00,"Calle Molinos 100, 4ºA, 18013 Granada","37.174580, -3.590064 - Junto al centro de salud"
Daniel,Hernández Moya,52526599G,790552791,daniel_hernandez58@gmail.com,Alumbrado Público,Toda la Avenida de la Constitución desde la rotonda hasta el puente está a oscuras prácticamente. Parece haber un corte general en el alumbrado de todo el tramo. Muy peligroso para los conductores y peatones.,4,2026-03-24T02:43:26+01:00,"Calle Ángel Ganivet 83, 3ºD, 18011 Granada","37.162300, -3.579973 - A la altura del número 21"
Antonio,Gutiérrez Delgado,14709342Z,995194717,antoniogutierrez730@gmail.com,Movilidad,Las baldosas del paso de cebra en Calle Príncipes estan levantadas y deshechas. Hay riesgo de tropiezo para peatones.,2,2026-03-24T04:59:15+01:00,"Calle Zacatín 103, 4ºB, 18010 Granada","37.165826, -3.613722 - Bajo la marquesina del autobús"
Pilar,Gutiérrez Ramos,81111072P,919186284,pilargutierrez523@hotmail.es,Alumbrado Público,Tres farolas consecutivas en calle Virgen del Pozo están sin funcionar. La calle queda muy oscura en ese tramo y es difícil ver bien para transitar.,3,2026-03-24T10:49:40+01:00,"Calle Severo Ochoa 34, 3ºC, 18006 Granada","37.177139, -3.616049 - Junto a la parada de autobús"
Andrés,Romero Cano,77272351X,995787483,aromero423@gmail.com,Limpieza,"Acumulación de bolsas de basura negras en la plaza detras de la Catedral, pareçe que llevan una semana ahi sin recoger. Es un asco.",3,2026-03-24T12:42:49+01:00,"Calle Ángel Ganivet 117, 1ºD, 18010 Granada","37.180105, -3.570674 - Al lado del contenedor de reciclaje"
Vicente,Moreno Navarro,79118030P,937793321,vicentemoreno963@live.com,Parques y Jardines,"La hierba crece sin control en el parque del Buen Amor, es zona de juegos pero está muy descuidada.",1,2026-03-24T15:55:56+01:00,"Calle Profesor Emilio Orozco 86, 2ºC, 18006 Granada","37.168621, -3.618170 - Frente al portal 17"
Miguel,Moreno Sanz,18214284D,719064034,mmoreno248@live.com,Limpieza,"Un papel de chicle pegao en la acera de Calle Elvira, delante de una tienda de ropa.",1,2026-03-24T16:05:14+01:00,"Calle San Juan de Dios 71, 3ºA, 18013 Granada","37.163838, -3.593707 - En la mediana de la avenida"
Cristina,Molina Núñez,94403311H,612808713,cristina.molina.nunez@outlook.es,Mobiliario Urbano,Las barras metalicas del pasamanos del puente sobre el rio Darro estan sueltas y se mueven mucho. Podria desprenderse y causa lesiones graves a quien pase por debajo.,5,2026-03-24T20:31:50+01:00,"Avenida de la Constitución 105, 2ºA, 18002 Granada","37.197180, -3.601310 - A la altura del número 11"
Esperanza,Navarro Blanco,41615162C,950659710,enavarro484@hotmail.com,Alumbrado Público,La luminaria de Paseo del Salón proyecta una luz muy tenue y parpadea constantemente. Podria estar a punto de fundirse.,1,2026-03-24T21:35:23+01:00,"Calle Reyes Católicos 40, 1ºA, 18010 Granada","37.155125, -3.615590 - En la mediana de la avenida"
Mercedes,García Castro,59972204A,698477273,mercedes_garcia45@live.com,Limpieza,"Vertido de gasolina o combustible en la calle Recogidas, cerca de la zona de aparcamiento. Hay un charco amarillento de bastante tamaño.",4,2026-03-24T23:12:37+01:00,"Paseo del Salón 98, Bajo A, 18007 Granada","37.160877, -3.617395 - Junto a la fuente"
Isabel,Flores Guerrero,90823740Y,922710550,isabel_flores48@hotmail.es,Limpieza,"El contenedor en Calle Mesones está lleno hasta arriba, con basura rebosando por los lados.",2,2026-03-24T23:47:50+01:00,"Calle San Juan de Dios 113, 2ºD, 18003 Granada","37.183316, -3.614280 - Junto a la parada de autobús"
Dolores,Guerrero Flores,91513067T,657415818,doloresguerrero604@hotmail.com,Mobiliario Urbano,Papelera oxidada en Paseo de los Tristes con pequeñas abolladuras. Sigue funcionando pero se ve muy desgastada por los años.,1,2026-03-25T03:03:15+01:00,"Camino de Ronda 8, 3ºC, 18001 Granada","37.176280, -3.612441 - Junto al parque infantil"
Rosa,Sanz Delgado,15265822D,992422394,rosa_sanz50@live.com,Movilidad,"Señal de giro obligatorio en Avenida Madrid está rota a la mitad, colgando del poste. No es segura.",2,2026-03-25T06:15:50+01:00,"Calle Doctor Olóriz 108, 2ºC, 18014 Granada","37.181858, -3.595276 - En la esquina con Calle Obispo Hurtado"
Cristina,Cortés Ortiz,78680234V,616010438,cristina.cortes.ortiz@gmail.com,Limpieza,"Basura acumulada durante varios dias en la esquina de Calle Ángel Ganivet y Calle San Antón, hay restos de comida que atraen a las palomas.",3,2026-03-25T10:01:46+01:00,"Calle Neptuno 88, 4ºC, 18009 Granada","37.190639, -3.573215 - Frente a la farmacia"
Pablo,Rodríguez Gallego,71571746R,943112602,pablo_rodriguez29@gmail.com,Parques y Jardines,Dos bancos en el Parque de las Ciencias tienen el respaldo roto y astillos. Riesgos para los ciudadanos que se sientan.,2,2026-03-25T11:39:47+01:00,"Calle San Antón 105, Bajo A, 18009 Granada","37.172947, -3.624713 - Junto a la fuente"
Laura,Flores González,88031115H,615202652,laura.flores169@live.com,Parques y Jardines,"El riego automático de los setos del Jardín Nuevo no funciona correctamente, la mitad de las plantas estan muertas.",3,2026-03-25T15:27:52+01:00,"Calle Alcaicería 25, 4ºB, 18008 Granada","37.168037, -3.573426 - Al lado del contenedor de reciclaje"
Miguel,Ramírez Gómez,97668119E,932052558,mramirez288@live.com,Limpieza,Bolsas plasticas y envoltorios en el parque infantil de Huerta del Rasillo. Los niños estan jugando ahi y pueden pisarlas.,2,2026-03-25T18:06:25+01:00,"Calle Zacatín 8, 2ºD, 18011 Granada","37.170911, -3.618344 - Junto al colegio"
Francisco,García Alonso,42697257B,640426298,francisco.garcia571@yahoo.es,Otros,Pintadas de signos y simbolos variados en varias fachadas de calle Caldereria Nueva. Capa gruesa de pintura que requiere limpieza.,1,2026-03-25T18:43:04+01:00,"Avenida de Cervantes 53, 6ºA, 18006 Granada","37.168661, -3.594128 - Junto al quiosco de prensa"
Alicia,Delgado Vázquez,25565600L,916200769,alicia.delgado625@hotmail.es,Alumbrado Público,He visto una linea de tension derribada en la calle Elvira que toca casi el asfalto. Es un peligro grave que deve ser atendido urgentemente.,5,2026-03-26T01:22:21+01:00,"Calle Mesones 114, 1ºA, 18002 Granada","37.159340, -3.623437 - Junto al colegio"
Teresa,Prieto Torres,91165064X,690122081,teresa_prieto66@outlook.es,Limpieza,"Sustancia quimica desconocida derramada en la calle junto a la escuela de primaria Montessori Granada, area de paso de menores. Emana un olor muy fuerte.",5,2026-03-26T01:34:14+01:00,"Calle Doctor Olóriz 118, 4ºA, 18010 Granada","37.189969, -3.624191 - Al lado del contenedor de reciclaje"
Enrique,Alonso Muñoz,88644545S,793441083,enrique.alonso850@live.com,Limpieza,"Bolsa rota con restos de comida en la acera de Calle Marqués de Mondéjar, atrae hormigas y moskas.",1,2026-03-26T03:10:42+01:00,"Calle Duquesa 29, 6ºA, 18003 Granada","37.166628, -3.581481 - Junto a la parada de autobús"
Carmen,Castro Muñoz,81196771D,697052921,carmen.castro817@gmail.com,Mobiliario Urbano,Banco en la Plaza Nueva con la pintura descubierta y peladuras en los apoyabrazos de hierro. Duele ver como se deteriora sin que nadie lo arregle.,2,2026-03-26T14:56:36+01:00,"Carrera del Darro 44, Bajo B, 18008 Granada","37.183828, -3.571096 - En la esquina con Carrera del Darro"
Marta,Ramos Moya,44527252B,768381276,marta.ramos.moya@outlook.es,Parques y Jardines,"Una rama gruesa del plátano oriental en la Plaza del Carmen se puede caer en cualquier momento, hay riesgo de golpear a peatones.",4,2026-03-26T19:40:54+01:00,"Avenida de la Constitución 11, 4ºA, 18005 Granada","37.199560, -3.622644 - A la altura del número 7"
Pedro,Rivera Calvo,28065687Y,655503741,pedro_rivera31@gmail.com,Limpieza,"El contenedor en Plaza del Carmen está medio lleno pero operativo, sin mayores problemas.",2,2026-03-27T00:22:45+01:00,"Paseo del Salón 33, Bajo B, 18014 Granada","37.193243, -3.570108 - A la altura del número 4"
Pilar,Blanco Jiménez,96142991R,674457897,pilar.blanco824@outlook.es,Alumbrado Público,"Farola apagada en Cuesta de Gomérez. Aunque hay otras en la zona, esta particular no funciona desde hace días.",2,2026-03-27T06:27:19+01:00,"Calle Alhamar 33, 2ºC, 18012 Granada","37.198815, -3.624988 - Junto a la fuente"
Inés,Torres Martínez,77811059N,666414380,ines_torres48@live.com,Limpieza,"Acumulación de material de construcción (escombros, polvo, tablones) en la calle Virgen del Pilar llevando mas de una semana. Ocupa espacio de aparcamiento.",3,2026-03-27T17:53:16+01:00,"Paseo de los Tristes 1, 3ºD, 18013 Granada","37.199002, -3.586909 - Junto al paso de peatones"
Iván,González Muñoz,78146396D,779664661,ivan.gonzalez86@gmail.com,Alumbrado Público,"En la calle Ataulfo Argenta, prácticamente todas las farolas estan fundidas o no encienden. La calle está sumida en casi total oscuridad por las noches.",4,2026-03-27T20:55:14+01:00,"Plaza de Mariana Pineda 6, Bajo B, 18007 Granada","37.161578, -3.575058 - Junto al colegio"
Irene,Herrera Ramírez,30274742A,660039722,irene.herrera.ramirez@gmail.com,Alumbrado Público,Dos farolas consecutivas en plaza de la Paz no funcionan correctamente. El alumbrado de esa plaza ha disminuido considerablemente.,3,2026-03-28T00:30:28+01:00,"Calle Doctor Olóriz 81, 4ºB, 18003 Granada","37.193844, -3.592709 - Frente a la farmacia"
Jesús,García León,86701478B,750221399,jesus_garcia71@gmail.com,Parques y Jardines,El árbol caido en la entrada del Parque Federico García Lorca obstruye el acceso peatonal desde hace varios días.,5,2026-03-28T04:42:46+01:00,"Calle San Antón 9, 1ºC, 18005 Granada","37.168929, -3.575177 - Junto al quiosco de prensa"
Manuel,Gallego Moya,12681748P,941040868,manuel.gallego864@gmail.com,Parques y Jardines,"Césped sin cortar en el parque de Almachicharra hace mas de un mes, la zona es poco estética.",1,2026-03-28T06:29:02+01:00,"Paseo de los Tristes 18, 4ºC, 18011 Granada","37.166308, -3.617397 - En la acera izquierda"
Esperanza,Gómez Prieto,25974847G,630907864,esperanza.gomez178@gmail.com,Alumbrado Público,"Foco de alumbrado en calle Real de la Alhambra con intensidad muy baja, apena ilumina. No sei si es un problema de potencia o del dispositivo.",1,2026-03-28T12:06:51+01:00,"Calle San Antón 76, 1ºD, 18003 Granada","37.172441, -3.576460 - Frente al portal 43"
Patricia,Ruiz Sánchez,67755360M,697436876,patricia.ruiz.sanchez@live.com,Movilidad,Semáforo completamente apagado en la intersección de Calle Arabial con la Vía del Tren durante todo el dia. El tráfico está caótico.,4,2026-03-28T18:53:32+01:00,"Gran Vía de Colón 72, 3ºC, 18006 Granada","37.174629, -3.614304 - A la altura del número 5"
Carlos,López Núñez,77309012D,626904440,clopez477@gmail.com,Limpieza,Envoltorios de snacks y bolsas de plastico dispersas en la acera de la calle Recogidas frente a la tienda de conveniencia.,1,2026-03-28T22:28:31+01:00,"Avenida de Dílar 64, 1ºC, 18011 Granada","37.198547, -3.610948 - Junto al centro de salud"
Alicia,Martínez Jiménez,56408715L,791055358,alicia_martinez14@yahoo.es,Alumbrado Público,En calle San Jerónimo hay un cable eléctrico suelto colgando de los postes que prácticamente cae sobre la calzada en algunos puntos. Supone un peligro eminente.,5,2026-03-29T00:33:31+02:00,"Calle Tinajilla 36, 4ºA, 18015 Granada","37.161544, -3.574570 - Junto a la fuente"
Vicente,Rubio Gómez,76260641R,699771997,vicente.rubio.gomez@hotmail.es,Movilidad,El pavimento de la calle Mesones presenta multiples hundimientos pequenios pero molestos para bicicletas y scooters electricos.,2,2026-03-29T04:55:30+02:00,"Calle Elvira 40, 1ºA, 18006 Granada","37.168560, -3.623124 - Frente a la farmacia"
Antonio,Vázquez González,33146664F,692088609,antonio_vazquez10@gmail.com,Alumbrado Público,La farola de la esquina entre Cuesta del Hospicio y calle Niño del Rollo está completamente fundida hace semanas.,2,2026-03-29T05:37:26+02:00,"Calle Alcaicería 108, Bajo B, 18002 Granada","37.196979, -3.573144 - Junto a la parada de autobús"
Óscar,Navarro Garrido,19354093F,688952424,onavarro491@outlook.es,Movilidad,Pintura en el paso de peatones de Calle Elvira totalmente desgastada y sin visibilidad. Los conductores no ven a los peatones.,1,2026-03-29T07:56:02+02:00,"Calle San Antón 26, 3ºA, 18014 Granada","37.179809, -3.612151 - Frente al portal 31"
Sara,González Sánchez,93025096D,670507756,sara.gonzalez656@outlook.es,Alumbrado Público,"Toda la zona de alumbrado publico en torno a Plaza Nueva está apagada o funcionando muy mal. Apenas se ve nada durante la noche, generando mucha inseguridad.",4,2026-03-29T14:05:51+02:00,"Calle San Juan de Dios 69, 3ºD, 18007 Granada","37.156873, -3.580399 - Junto al colegio"
Pedro,Blanco Torres,59905287Q,665646515,pedro.blanco289@gmail.com,Limpieza,El contenedor de reciclaje en la Plaza Bib-Rambla esta algo lleno y hay papeles sobresaliendo por los lados.,2,2026-03-29T14:26:12+02:00,"Camino de Ronda 35, 3ºA, 18014 Granada","37.157620, -3.609116 - Junto al colegio"
Andrea,Ortiz Sánchez,94978243L,625662728,andrea.ortiz.sanchez@yahoo.es,Limpieza,"Basura acumulada en la esquina de calle Elvira hace 4 dias, hay bolsas rotas y desorden generalizado en la zona.",3,2026-03-29T15:24:01+02:00,"Calle Obispo Hurtado 74, 3ºB, 18004 Granada","37.189195, -3.593274 - Junto al colegio"
Carlos,Castro Ramírez,56727233X,955040563,carlos.castro.ramirez@yahoo.es,Otros,Plaga importante de cucarachas en sotano de edificio residencial en Calle Tundidores. Infestación visible en areas comunes.,3,2026-03-29T19:45:15+02:00,"Calle Duquesa 8, 1ºD, 18014 Granada","37.169818, -3.580517 - Junto a la parada de autobús"
Carlos,Gutiérrez Díaz,27044152Q,618754144,carlos.gutierrez.diaz@gmail.com,Limpieza,"Vertido de aceite de coche en la avenida Constitucion, la mancha es resbaladiza y peligrosa para los peatones.",4,2026-03-29T20:15:58+02:00,"Calle Molinos 113, 2ºB, 18014 Granada","37.162167, -3.618835 - En la acera izquierda"
Nuria,Jiménez Muñoz,57735327Z,732902510,nuriajimenez46@hotmail.es,Parques y Jardines,El banco junto a la zona infantil del Parque de los Alamillos tiene una pata rota y no se puede usar de forma segura.,2,2026-03-29T23:53:16+02:00,"Calle Sierpe 93, 3ºA, 18003 Granada","37.192871, -3.620506 - Frente al portal 38"
Marta,Ramos Núñez,36784546W,664612926,marta_ramos68@live.com,Parques y Jardines,El sistema de riego por goteo en los rosales del Jardín de la Avenida Constitucion está averiado desde hace una semana.,3,2026-03-30T12:58:59+02:00,"Calle Sierpe 101, Bajo A, 18013 Granada","37.181381, -3.596553 - Bajo la marquesina del autobús"
Rocío,Flores Moya,18377500V,989536348,rflores576@outlook.es,Parques y Jardines,"Hay una rama muy gruesa colgando peligrosamente en el cipres del Paseo del Salón, podría caer sobre los niños que juegan.",4,2026-03-31T00:23:08+02:00,"Avenida de la Constitución 34, Bajo A, 18002 Granada","37.175837, -3.587231 - Frente al supermercado"
Elena,Hernández Sanz,64033454M,786272131,ehernandez60@hotmail.com,Otros,Ocupación ilegal de vivienda en Barrio del Sacromonte. Personas sin identificación entran y salen del inmueble regularmente.,4,2026-03-31T10:34:52+02:00,"Calle Real de Cartuja 6, 2ºB, 18008 Granada","37.186042, -3.588749 - Junto al parque infantil"
Carlos,Medina Flores,23855601R,662792682,cmedina408@outlook.es,Limpieza,"Se ha derramado un producto quimico desconocido frente a la escuela infantil Sagrado Corazon, hay olor fuerte y nadie sabe que es.",5,2026-03-31T20:08:49+02:00,"Calle Gonzalo Gallas 65, 2ºD, 18008 Granada","37.176883, -3.596329 - En la esquina con Avenida de Cervantes"
Esperanza,Torres Gutiérrez,77039105F,744988969,esperanzatorres283@outlook.es,Parques y Jardines,"Un pino ha caido completamente sobre el camino principal del Jardín Botanico, no se puede circular por alli.",5,2026-04-01T00:05:35+02:00,"Calle Alhamar 26, 2ºC, 18006 Granada","37.193176, -3.615145 - Junto a la parada de autobús"
Sara,Medina Garrido,71031690P,652279177,saramedina656@gmail.com,Mobiliario Urbano,"La marquesina de la parada de autobús de la Puerta de Elvira tiene un cristal con grieta pronunciada que va de lado a lado. Aunque no ha caido aun, es cuestion de tiempo.",3,2026-04-01T01:47:50+02:00,"Avenida de Cervantes 108, 1ºA, 18013 Granada","37.162279, -3.577679 - Al lado del contenedor de reciclaje"
Carlos,Romero Ruiz,91598945L,969029606,carlosromero820@hotmail.com,Movilidad,Crater profundo en el pavimento de Calle Mariana Pineda que ha causado ya dos accidentes de motos en los ultimos dias.,5,2026-04-01T06:12:45+02:00,"Avenida de Madrid 30, 3ºA, 18007 Granada","37.192364, -3.584060 - Frente a la iglesia"
Francisco,Gutiérrez Delgado,35083307G,662574885,francisco.gutierrez.delgado@gmail.com,Alumbrado Público,Cinco farolas apagadas formando un tramo oscuro en avenida del Camino de Ronda. El transito nocturno es dificil y peligroso en esa seccion.,3,2026-04-01T06:36:19+02:00,"Calle Mesones 1, 4ºC, 18007 Granada","37.167278, -3.607702 - A la altura del número 20"
Fernando,Molina Muñoz,99024579B,624209045,fernando.molina.munoz@gmail.com,Otros,Ruido nocturno continuo de trabajos de construcion sin permiso en Calle Mesones. Comprende taladros y martillos hasta altas horas.,3,2026-04-01T06:41:31+02:00,"Calle Duquesa 107, 1ºB, 18015 Granada","37.173264, -3.581195 - Bajo la marquesina del autobús"
Isabel,Cano Castillo,22628240N,665253232,isabelcano692@gmail.com,Limpieza,"Papeles de caramelos y chicles pegados en la acera del Paseo de los Martires, zona bastante limpia en general.",1,2026-04-01T10:25:38+02:00,"Calle Severo Ochoa 106, 3ºA, 18004 Granada","37.178983, -3.588223 - En la acera derecha"
Dolores,Sanz Gutiérrez,50003047N,657434209,dolores.sanz579@gmail.com,Movilidad,"Semáforo de tráfico en la Ronda Sur que falla intermitentemente, impidiendo pasar en ciertos momentos sin razón aparente.",3,2026-04-01T16:37:22+02:00,"Calle Reyes Católicos 27, 5ºB, 18001 Granada","37.179030, -3.581280 - Frente al supermercado"
Óscar,Guerrero Marín,41800202W,679072009,oguerrero17@hotmail.com,Alumbrado Público,"La iluminación de la calle Agua es muy tenue en algunos puntos, casi insuficiente para poder ver bien. Las bombillas parecen estar muy gastadas.",1,2026-04-01T22:02:49+02:00,"Calle Zacatín 67, 6ºA, 18001 Granada","37.183835, -3.607398 - En la rotonda"
Josefa,Pérez Ramírez,17754910Z,785161392,josefa.perez.ramirez@gmail.com,Limpieza,"El contenedor marron del barrio del Albaicin esta a rebosar, no caben mas residuos organicos.",2,2026-04-02T07:05:42+02:00,"Paseo del Salón 43, 4ºC, 18008 Granada","37.179657, -3.590938 - Junto al colegio"
Elena,Álvarez Gómez,30525692T,948991562,ealvarez276@gmail.com,Movilidad,"Señal de velocidad máxima en Calle Laurel tan desgastada que no se puede saber si dice 30, 40 o 50. Hay confusion.",1,2026-04-02T08:43:25+02:00,"Paseo del Salón 3, 2ºA, 18007 Granada","37.164558, -3.573045 - Junto al centro de salud"
Josefa,Ramos León,10451978L,781430656,josefa.ramos822@gmail.com,Movilidad,"Señal de ceda el paso en la intersección de Calle Reyes Católicos con Paseo del Salon totalmente desgastada, apenas se ve el triángulo rojo. Lleva asi varios meses y confunde a los conductores.",1,2026-04-02T18:59:39+02:00,"Calle Alhamar 64, 2ºC, 18012 Granada","37.194151, -3.593585 - En la acera derecha"
Raquel,Molina Ramos,88098942H,682821818,raquel.molina568@gmail.com,Parques y Jardines,"El cesped no se ha cortado en el parque del Realejo desde hace dos meses, esta muy abandonado y con maleza.",1,2026-04-02T19:28:11+02:00,"Calle Alcaicería 3, Ático, 18014 Granada","37.190779, -3.578183 - Junto al colegio"
Lucía,Calvo Moya,88584832X,647388242,lucia.calvo190@live.com,Parques y Jardines,Bancos sin pintar en el Parque de San Gerónimo tienen listones sueltos y astillas que rayan la ropa. Há que reparar.,2,2026-04-02T23:05:54+02:00,"Calle Reyes Católicos 105, 5ºA, 18006 Granada","37.182235, -3.570250 - Frente a la iglesia"
Teresa,Iglesias Gallego,92006858G,785394316,teresaiglesias961@outlook.es,Alumbrado Público,Hay un cable de la red eléctrica caído en el cruce de calle Laurel con calle Mesones que toca el suelo. Representa un grave riesgo de electrocución para cualquiera.,5,2026-04-03T00:14:59+02:00,"Avenida de Madrid 5, 4ºB, 18012 Granada","37.195805, -3.602024 - Al lado del contenedor de reciclaje"
Jorge,López Castillo,64991968V,670923438,jorge_lopez98@hotmail.com,Movilidad,"Socavon enorme en la Avenida Constitucion a la altura del numero 45, la carretera se ha hundido casi 30cm. Muy peligroso para motos y coches pequeños, ya ha averiado varios vehiculos.",5,2026-04-03T00:15:53+02:00,"Calle Alhamar 88, 5ºA, 18008 Granada","37.157689, -3.588548 - En la acera izquierda"
Sara,Domínguez Cano,40294092R,944392763,sara_dominguez24@gmail.com,Parques y Jardines,"El riego del Jardín del Triunfo no funciona correctamente, las flores se estan secando y podrian desaparecer.",3,2026-04-03T00:40:21+02:00,"Calle Elvira 51, 1ºD, 18005 Granada","37.189816, -3.615368 - Frente a la farmacia"
Rocío,Moreno García,96744889N,618396010,rocio.moreno328@live.com,Limpieza,"Ay mucha basura acumulada en la calle Navas desde hace una semana, bolsas rotas y vidrio roto en el suelo.",3,2026-04-03T02:44:42+02:00,"Calle Gracia 52, 2ºA, 18008 Granada","37.192119, -3.581232 - Junto a la parada de autobús"
Ramón,Gil Gómez,58558462W,620926456,ramon_gil66@live.com,Mobiliario Urbano,"Bolardo arrancado en la zona peatonal de Reyes Católicos, hay un agujero donde estuvo. Los niños pueden caerse alli, he visto gente renguear después de pisar el hueco.",4,2026-04-03T09:19:39+02:00,"Calle Puentezuelas 62, 3ºD, 18002 Granada","37.199063, -3.623536 - Frente a la farmacia"
Irene,Jiménez Flores,25536639S,775154895,irene.jimenez790@gmail.com,Alumbrado Público,Farola sin funcionar en Cuesta de los Martires. Hay otras cercanas pero esta deixa un pequeño punto ciego de iluminación.,2,2026-04-03T23:25:36+02:00,"Paseo de los Tristes 119, 6ºA, 18010 Granada","37.198851, -3.591206 - Junto a la parada de autobús"
Sofía,Torres Gil,46207642K,656517223,storres57@gmail.com,Parques y Jardines,"Una rama gigante del nogal en el Paseo de la Sabika está muy débil y cuelga amenazando a los visitantes, es un riesgo real.",4,2026-04-04T01:24:10+02:00,"Paseo de la Bomba 107, 2ºA, 18007 Granada","37.176904, -3.622977 - En la rotonda"
Paula,Ortiz Pérez,43967177D,712837596,paulaortiz866@gmail.com,Limpieza,Derame de gasolina en la calle Gran Via ha dejado una mancha grande en el asfalto que huele mucho y es resbaladiso.,4,2026-04-04T05:29:07+02:00,"Calle Alcaicería 18, 5ºA, 18013 Granada","37.179716, -3.612164 - Frente al portal 42"
Óscar,Torres Álvarez,63567862W,734620605,oscar_torres83@outlook.es,Parques y Jardines,"Un árbol de gran envergadura ah caído en el Parque de Villanueva bloqueando la zona de paseo, hay que actuar de inmediato.",5,2026-04-04T12:46:49+02:00,"Calle Gonzalo Gallas 60, 2ºA, 18009 Granada","37.175066, -3.593136 - Junto al colegio"
Pilar,Cortés González,55377061F,736102945,pcortes779@outlook.es,Otros,Animal perro sin correa y aparentemente agresivo en parque cercano a Calle Enmedio. Varios ciudadanos reportan comportamiento hostil.,5,2026-04-04T15:09:27+02:00,"Calle Pedro Antonio de Alarcón 93, 1ºB, 18007 Granada","37.175767, -3.581723 - Frente al supermercado"
Iván,Romero González,67145411Q,997049620,ivan.romero618@hotmail.com,Otros,Fuga menor de agua en grifo publico en Plaza de la Paz. Desperdicio de agua que moja la acera.,1,2026-04-04T15:57:03+02:00,"Paseo de los Tristes 43, 2ºC, 18010 Granada","37.175508, -3.616872 - Junto al colegio"
Rubén,García Cano,31088016C,659964448,ruben.garcia.cano@hotmail.es,Movilidad,Bache de unos 15cm en Calle Navas que cada lluvia se agranda mas. Fue reparado hace 2 años pero vuelve a estar en las mismas condiciones.,2,2026-04-04T17:00:37+02:00,"Avenida de Madrid 98, 1ºD, 18012 Granada","37.167623, -3.591107 - En la rotonda"
Carmen,Rodríguez Garrido,22354652D,697475129,carmen_rodriguez29@gmail.com,Parques y Jardines,"El cesped del parque de las ciencias esta muy crecido, lleva meses sin cortarse. Necesita mantenimiento urgente.",1,2026-04-05T11:28:46+02:00,"Calle Alhamar 24, Bajo B, 18013 Granada","37.189574, -3.581772 - Junto a la fuente"
Esperanza,Gómez Guerrero,22818261F,913331913,egomez472@hotmail.es,Alumbrado Público,El tramo de la Avenida de Andalucía entre la estación y el paso inferior está completamente sin luz. Es practicamente imposible transitar de noche con seguridad.,4,2026-04-05T11:58:09+02:00,"Plaza de Mariana Pineda 82, 2ºB, 18008 Granada","37.198861, -3.573232 - Junto al paso de peatones"
Pablo,Pérez Alonso,87677240K,987260687,pablo.perez667@yahoo.es,Parques y Jardines,Hay un banco en el parque del Buen Retiro con un liston suelto que se mueve peligrosamente cuando alguien se sienta. Podria causar una caida.,2,2026-04-05T14:43:02+02:00,"Calle Alhamar 33, Ático, 18013 Granada","37.164658, -3.620552 - Junto al centro de salud"
Teresa,Ortiz Rodríguez,51349598M,652968687,teresa.ortiz98@yahoo.es,Parques y Jardines,"La fuente central de la Plaza Nueva no funciona, el sistema de riego está averiado hace semanas y las plantas se están muriendo.",3,2026-04-05T19:12:28+02:00,"Calle Navas 120, 5ºA, 18001 Granada","37.174508, -3.581210 - Junto al colegio"
Ana,Guerrero Díaz,46804049S,965720652,aguerrero801@hotmail.es,Movilidad,"El semaforo de la Avenida de la Paz con Calle Recogidas funciona de forma intermitente, a veces da verde a dos direcciones a la vez. Situacion muy peligrosa en hora punta.",4,2026-04-05T20:38:15+02:00,"Calle Molinos 73, 3ºD, 18008 Granada","37.178830, -3.612131 - A la altura del número 65"
Beatriz,Flores Rivera,93550644F,938126516,beatriz.flores95@hotmail.es,Parques y Jardines,"En el Parque de la Paz, una rama grande del roble centenario está a punto de caer sobre la zona infantil. Es muy peligroso.",4,2026-04-06T04:15:23+02:00,"Acera del Darro 35, 1ºA, 18013 Granada","37.190811, -3.593553 - Junto al quiosco de prensa"
Juan,Herrera Cortés,57032131C,628111524,juan_herrera32@live.com,Parques y Jardines,Un árbol completo ha caido en el Paseo del Salón bloqueando la avenida principal. La gente no puede pasar.,5,2026-04-06T09:16:25+02:00,"Calle Zacatín 15, 1ºC, 18011 Granada","37.177240, -3.586700 - Frente a la iglesia"
Óscar,Castro Iglesias,16798558W,736930733,oscar.castro.iglesias@hotmail.es,Movilidad,Placa de calle en la Plaza Real con numeros casi invisibles por la oxidacion. Los repartidores no logran encontrar los edificios correctamente.,1,2026-04-06T13:06:27+02:00,"Calle Severo Ochoa 117, 3ºB, 18006 Granada","37.163043, -3.602584 - A la altura del número 24"
Sofía,Díaz Prieto,50971029Q,640331592,sofia_diaz88@hotmail.com,Alumbrado Público,"Cuatro farolas seguidas en calle Navas estan apagadas, creando una zona de penumbra importante. Los vecinos no pueden transitr cómodamente por las noches.",3,2026-04-07T02:57:17+02:00,"Calle Pedro Antonio de Alarcón 60, 4ºB, 18009 Granada","37.189248, -3.602815 - En la acera izquierda"
Adrián,López Medina,48823391A,648542981,adrianlopez26@hotmail.com,Alumbrado Público,"La farola de la Calle Reyes Católicos esquina Ángel Ganivet tiene la bombilla muy tenue, apenas ilumina el paso de peatones por la noche.",1,2026-04-07T05:15:02+02:00,"Calle Gracia 8, 4ºB, 18009 Granada","37.174944, -3.574724 - Junto al colegio"
Amparo,López Calvo,35670183N,634745391,alopez508@hotmail.es,Parques y Jardines,"Las papeleras estan llenas y el cesped sin cortar en los jardines de la Virgen del Carmen, da muy mala apariencia.",1,2026-04-07T12:36:18+02:00,"Calle Alcaicería 54, 6ºA, 18005 Granada","37.168867, -3.581517 - A la altura del número 73"
Luis,Jiménez Garrido,87123273D,937702195,luis.jimenez211@gmail.com,Movilidad,Semaforo apagado completamente en el cruce de Gran Via con Calle Zacatin desde el lunes pasado. No hay agente de transito. Casi a haver 5 accidentes en dos dias.,4,2026-04-07T16:32:32+02:00,"Calle Neptuno 39, 3ºC, 18015 Granada","37.197780, -3.609362 - En la acera derecha"
Sofía,León Prieto,93726527D,651256254,sleon500@hotmail.es,Parques y Jardines,Varios listones se estan desprendiendo de los bancos del Parque García Lorca. Hay riesgo de que alguien se lesione.,2,2026-04-07T17:33:15+02:00,"Paseo del Salón 95, 1ºC, 18012 Granada","37.197492, -3.609426 - Junto al parque infantil"
Elena,Castro Ramos,95584353X,765195772,elenacastro291@hotmail.es,Limpieza,"He visto botellas de liquido rosa fosforito derramadas frente a la guarderia Los Peques, me da mucho miedo que sea toxico.",5,2026-04-07T18:46:56+02:00,"Calle Alcaicería 71, Bajo B, 18002 Granada","37.197272, -3.576364 - Frente a la farmacia"
Paula,Guerrero Gallego,73617809F,659483380,paula_guerrero58@yahoo.es,Parques y Jardines,"El sistema automatico de riego en el Parque del Príncipe no funciona correctamente, la mitad de los arboles no reciben agua.",3,2026-04-07T18:47:17+02:00,"Calle Mesones 110, 4ºC, 18009 Granada","37.184933, -3.584054 - Junto a la fuente"
José,Guerrero Guerrero,10608421Q,941289585,joseguerrero965@yahoo.es,Movilidad,"Bache profundo en la Calle Elvira, zona historica, que acumula agua en epocas de lluvia. Turistaz patinan al pasar con maletas.",2,2026-04-08T01:56:07+02:00,"Calle Gracia 64, 3ºB, 18012 Granada","37.191598, -3.591413 - Frente a la farmacia"
Josefa,Medina Díaz,53506831E,969051872,josefa_medina95@outlook.es,Parques y Jardines,Hay una rama muy gruesa del sauce que cuelga peligrosamente sobre el camino principal del Parque de los Mártires. Puede caer en cualquier momento.,4,2026-04-08T13:33:54+02:00,"Calle Real de Cartuja 30, 2ºB, 18012 Granada","37.196525, -3.603884 - Junto al parque infantil"
Alberto,Pérez Molina,42253457L,776098906,aperez913@hotmail.es,Limpieza,Un par de envoltorios de tabaco tirados en la acera de calle Santisimo frente a la estacion de tren.,1,2026-04-08T23:27:45+02:00,"Avenida de Cervantes 33, 2ºD, 18008 Granada","37.183898, -3.600440 - Junto al centro de salud"
Josefa,Blanco Moya,36193040X,956034613,josefablanco819@live.com,Movilidad,"Marcas viales en Avenida Fuero de los Españoles completamente desvanecidas, imposible ver los carriles. Conductores no saben donde deben circular.",3,2026-04-09T00:17:08+02:00,"Plaza de Mariana Pineda 72, 3ºA, 18011 Granada","37.197195, -3.587827 - Junto al paso de peatones"
Paula,León Herrera,50156772M,760162473,paula.leon.herrera@outlook.es,Limpieza,El contenedor amarillo en la calle Molinos esta lleno de envases y alguns salen despedidos por el suelo.,2,2026-04-09T05:33:27+02:00,"Calle Doctor Olóriz 106, 4ºA, 18007 Granada","37.166653, -3.573843 - Junto al colegio"
Silvia,Rubio Prieto,28519870P,699278450,srubio113@yahoo.es,Movilidad,Señal de velocidad maxima en la Calle de los Mártires con los numeros ilegibles debido al desgaste y suciedad acumulada.,1,2026-04-09T08:37:09+02:00,"Avenida de la Constitución 16, 1ºD, 18012 Granada","37.173817, -3.598943 - Junto a la parada de autobús"
Lucía,Blanco Rodríguez,98900546V,924028853,lucia.blanco.rodriguez@gmail.com,Movilidad,Socabon en la Avenida del Hospicio que ha levantado la asfaltadura alrededor. Vehiculos que transitan por ahi pierden piezas del chasis. Nesesite reparacion urgente.,5,2026-04-09T10:05:02+02:00,"Calle Molinos 85, 3ºC, 18011 Granada","37.179213, -3.610831 - En la mediana de la avenida"
Paula,Vázquez Domínguez,34565910S,935640239,pvazquez238@gmail.com,Alumbrado Público,"Farola fundida en Avda. de la Constitucion, frente a la parada de autobus. Hay otras dos farolas funcionales a ambos lados pero esta no alumbra.",2,2026-04-09T16:33:13+02:00,"Calle Alhamar 41, 4ºB, 18014 Granada","37.172255, -3.582685 - En la acera derecha"
Pablo,Gutiérrez Ramírez,91001651N,917267381,pablo_gutierrez25@live.com,Parques y Jardines,"El temporal ha derribado dos pinos grandes en el Bosque de la Alhambra, uno bloquea completamente el acceso peatonal al monumento.",5,2026-04-09T19:13:42+02:00,"Calle Puentezuelas 24, 5ºA, 18005 Granada","37.164634, -3.573537 - A la altura del número 29"
Nuria,Guerrero Blanco,46133895N,643408572,nuria_guerrero60@gmail.com,Parques y Jardines,"El jardin vertical de la Plaza Isabel la Católica necessita poda urgente, el cesped a su alredor esta descuidado.",1,2026-04-09T23:04:23+02:00,"Calle Sierpe 114, 5ºA, 18004 Granada","37.188319, -3.588403 - A la altura del número 6"
Ramón,Alonso Gil,28930715G,644378152,ramon.alonso809@gmail.com,Otros,"Vandalismo en cabina telefonica en Calle Reyes, vidrio roto y partes dañadas. No funcional desde hace dias.",2,2026-04-10T13:19:43+02:00,"Calle Pedro Antonio de Alarcón 60, 4ºB, 18010 Granada","37.157561, -3.609901 - Junto a la fuente"
Rubén,Marín Sanz,87543604S,662641369,ruben.marin.sanz@live.com,Limpieza,"En la calle Aben Humeya hay acumulacion de basura hace varios dias, todo es un desorden y atrae ratas.",3,2026-04-11T21:26:15+02:00,"Avenida de Madrid 108, 1ºC, 18004 Granada","37.189398, -3.587929 - Junto al colegio"
Francisco,Marín Cano,85503825Z,913199611,francisco.marin.cano@yahoo.es,Limpieza,"Vertimiento de liquido oscuro (probablemente residuos) en la avenida del Ejército frente a un bar, crea charco peligroso.",4,2026-04-12T04:44:01+02:00,"Calle Severo Ochoa 38, 3ºC, 18013 Granada","37.184395, -3.610252 - Frente a la farmacia"
Francisco,Jiménez Medina,40588287A,919675101,francisco.jimenez.medina@gmail.com,Mobiliario Urbano,Las tuercas de sujeción de la lampara de alumbrado publico en calle Almona estan sueltas y la estructura se balancea con cualquier viento fuerte. Ay q repararlo antes de q caiga.,5,2026-04-12T09:50:02+02:00,"Calle San Antón 69, 1ºB, 18002 Granada","37.168668, -3.606974 - Bajo la marquesina del autobús"
Teresa,Gutiérrez Flores,60220702D,645306825,teresa.gutierrez.flores@live.com,Alumbrado Público,"En la Calle Elvira, entre la Puerta de Bibarrambla y Plaza Nueva, se encuentran 5 farolas consecutivas apagadas. Es imposible transitar sin linterna.",3,2026-04-12T10:16:16+02:00,"Calle Alhamar 18, 4ºC, 18001 Granada","37.185335, -3.590785 - Al lado del contenedor de reciclaje"
Rosa,Sánchez Gil,61776899A,917897325,rosasanchez202@gmail.com,Movilidad,"El semaforo de peatones en Paseo del Salon no emite sonido para invidentes, solo luz. Hace que muchas personas ciegas no se atrevan a cruzar solos.",3,2026-04-12T12:12:14+02:00,"Calle Tinajilla 15, 4ºA, 18012 Granada","37.156026, -3.578417 - En la acera derecha"
Manuel,Rivera León,59369949A,788200738,manuel_rivera40@hotmail.es,Parques y Jardines,El banco de la entrada norte del Parque Tecnológico tiene varios listones rotos y oxidados que pueden dañar la ropa.,2,2026-04-12T12:20:12+02:00,"Calle Alcaicería 11, 2ºD, 18003 Granada","37.182938, -3.592715 - Junto al colegio"
Alicia,Ramos Flores,80823013R,968250804,alicia.ramos540@outlook.es,Parques y Jardines,"La bomba de riego del jardin botanico ha dejado de funcionar, muchas flores y plantas exoticas se estan secando rapido.",3,2026-04-12T17:53:35+02:00,"Plaza de Mariana Pineda 70, 3ºA, 18003 Granada","37.186113, -3.579368 - Bajo la marquesina del autobús"
Paula,García Navarro,21690508J,674122297,paula.garcia563@yahoo.es,Parques y Jardines,Una rama enorme del pino piñonero del Parque Joyero esta inclinada de forma peligrosa y amenaza con caer sobre los juegos infantiles.,4,2026-04-12T21:52:35+02:00,"Calle Profesor Emilio Orozco 52, 3ºC, 18004 Granada","37.177125, -3.624396 - Junto a la parada de autobús"
Andrea,León Alonso,57704697C,649630190,andrealeon702@hotmail.com,Mobiliario Urbano,Papelera deformada en la plaza Bib-Rambla con varias abolladeuras profundas. Esteticamente fea pero operativa todavía.,1,2026-04-12T21:55:51+02:00,"Paseo del Salón 83, 3ºA, 18005 Granada","37.175533, -3.623789 - Cerca del cruce con Calle Doctor Olóriz"
David,Medina Ramos,83353158P,659734244,david.medina.ramos@yahoo.es,Parques y Jardines,El árbol de la Ceiba en el Parque de Enrique Moreno há caido totalmente y cierra el paso a cientos de ciudadanos diariamente.,5,2026-04-12T23:43:16+02:00,"Calle Gonzalo Gallas 6, 5ºB, 18014 Granada","37.181430, -3.591944 - En la mediana de la avenida"
Dolores,Rivera Núñez,92914392G,667894772,dolores.rivera.nunez@live.com,Mobiliario Urbano,Banco de piedra en la Iglesia del Convento de los Mártires con descascarillado importante en una de sus caras. La pintura protectora desaparecio completamente.,2,2026-04-13T00:05:20+02:00,"Calle Zacatín 75, Bajo B, 18007 Granada","37.185177, -3.572778 - Junto al quiosco de prensa"
Marta,Guerrero Garrido,59175548K,942543820,marta_guerrero97@hotmail.es,Movilidad,"Baches multiples en la Calle Santisimo, entre 10-20cm, que generan desvios de la circulacion normal. Repartidores evitan la zona.",2,2026-04-13T00:34:53+02:00,"Calle Alhamar 116, Ático, 18011 Granada","37.188182, -3.595390 - Frente a la iglesia"
Carlos,Sanz Rodríguez,79315367M,948119011,carlos.sanz520@hotmail.es,Mobiliario Urbano,Marquesina de autobús en avenida de la Paz presenta cristal frontal agrietado en patron de red. Usuarios deben tener cuidado al entrar y salir de la zona.,3,2026-04-13T01:55:19+02:00,"Paseo de los Tristes 90, 3ºC, 18007 Granada","37.182513, -3.586260 - En la esquina con Calle Reyes Católicos"
Andrea,Díaz Molina,76688464R,990303932,andrea_diaz28@live.com,Movilidad,"Poste de señalizacion caido en la Avenida Andaluces que bloquea media calzada, riesgo de que caiga encima de un coche o peaton.",4,2026-04-13T11:58:04+02:00,"Paseo de los Tristes 98, 1ºD, 18001 Granada","37.166471, -3.597220 - En la mediana de la avenida"
Irene,Ramos Calvo,22895006R,748865701,irene_ramos89@gmail.com,Limpieza,"Han derramado bidones de sustancia roja tóxica cerca del colegio Virgen del Carmen, urgentisimo limpiar antes de que lleguen los niños.",5,2026-04-13T13:14:16+02:00,"Calle Zacatín 52, 2ºB, 18004 Granada","37.183585, -3.608252 - En la acera derecha"
Marta,Moya Calvo,99249444M,624779337,martamoya966@hotmail.com,Alumbrado Público,"La Calle Santa Isabel la Real esta completamente a oscuras desde el cruce con Panaderos hasta la Puerta del Carmen. No se ve nada de noche, muy peligroso.",4,2026-04-13T13:48:08+02:00,"Calle Severo Ochoa 110, 4ºA, 18005 Granada","37.180195, -3.599514 - Junto al paso de peatones"
Sara,Guerrero Ramos,82935018P,628298759,sara.guerrero.ramos@gmail.com,Otros,Olor a sustancia quimica no identificada en sotano de la Calle Cárcel Baja. Vecinos reportan mareos y malestar.,4,2026-04-13T13:48:39+02:00,"Calle Neptuno 93, 2ºA, 18009 Granada","37.177030, -3.570952 - Junto al colegio"
Adrián,Navarro Gómez,34870241X,945779829,adrian.navarro.gomez@gmail.com,Alumbrado Público,Cable de electricidad caído en la Avda. Fuentenueva cerca del edificio de Informatica. Esta enrollado en la rama de un arbol y pende peligrosamente. URGENTE.,5,2026-04-13T16:52:11+02:00,"Calle San Antón 103, 3ºD, 18010 Granada","37.160496, -3.593844 - A la altura del número 3"
Álvaro,Prieto Ramos,21158982V,952826963,aprieto168@hotmail.es,Alumbrado Público,Farola con bombilla oscilante en Calle Navas que parpadea continuamente. La luz es muy debil y apenas se mantiene encendida.,1,2026-04-13T20:29:28+02:00,"Calle Puentezuelas 27, 2ºC, 18004 Granada","37.199074, -3.591399 - En la esquina con Paseo de la Bomba"
Cristina,Moya Álvarez,13038616P,945484206,cristinamoya782@hotmail.es,Otros,Depositos de residuos domesticos acumulados irregularmente en esquina de Calle Elvira y Calle Santa Isabel. Atrae plagas.,3,2026-04-14T01:38:06+02:00,"Calle Arabial 82, 4ºC, 18006 Granada","37.155407, -3.577679 - Junto al colegio"
Luis,Jiménez Cortés,62036033L,732988347,luisjimenez635@gmail.com,Parques y Jardines,"La hierba del parque de la Paz esta muy alta, practicamente no se ve el camino. Necesita cortarse ya.",1,2026-04-14T07:33:00+02:00,"Paseo de la Bomba 88, 2ºC, 18005 Granada","37.193339, -3.593514 - Junto al colegio"
María,García Moya,30306626D,691154653,maria.garcia706@live.com,Alumbrado Público,"Punto de iluminacion fundido en la Plaza del Carmen, frente al Ayuntamiento. Las otras farolas de la plaza funcionan bien pero esta no enciende.",2,2026-04-14T10:35:46+02:00,"Avenida de Cervantes 116, 2ºC, 18004 Granada","37.188626, -3.572201 - Junto a la parada de autobús"
Adrián,Ortiz Prieto,53763687Z,965058334,aortiz711@gmail.com,Movilidad,Señal de peaton en la Calle Marqués de Gerona con el reflectante agrietado y sin brillo. A duras penas se ve de noche.,1,2026-04-14T11:04:08+02:00,"Paseo del Salón 78, 3ºD, 18005 Granada","37.161606, -3.576879 - En la acera derecha"
Beatriz,Blanco Díaz,65434223M,610377371,bblanco960@gmail.com,Movilidad,"Semaforo intermitente en el cruce de Calle Princesa con Gran Via, alterna entre rojo y apagado sin razon aparente. Conductores no entienden cuando deben pasar.",4,2026-04-14T14:42:33+02:00,"Calle Tinajilla 91, 2ºD, 18001 Granada","37.181051, -3.622024 - Bajo la marquesina del autobús"
Andrés,Blanco Pérez,69734134C,652888984,andresblanco824@live.com,Otros,Paloma muerta en vía publica en esquina de Calle Arzobispo y Gran Via. Requiere recogida sanitaria para evitar propagacion de enfermedad.,2,2026-04-15T06:51:16+02:00,"Calle Obispo Hurtado 22, Ático, 18004 Granada","37.198040, -3.620405 - Junto al quiosco de prensa"
Sergio,Guerrero Prieto,68343116L,695589005,sergioguerrero911@hotmail.com,Limpieza,"Algunos papeles y bolsas pequeñas de compra esparcidas en la plaza Nueva, nada grave por ahora.",1,2026-04-15T12:05:57+02:00,"Gran Vía de Colón 117, 4ºC, 18011 Granada","37.157733, -3.599105 - Frente a la iglesia"
Daniel,Guerrero Pérez,58811416W,643830516,daniel.guerrero366@gmail.com,Alumbrado Público,"Tramo de la Calle Recogidas entre Calle Zacatin y Puerta Real con 4 farolas sin luz. Hemos tenido varios incidentes, gente robada en este tramo oscuro.",3,2026-04-15T16:10:13+02:00,"Avenida de la Constitución 89, 2ºC, 18003 Granada","37.177254, -3.592878 - A la altura del número 28"
Patricia,Álvarez Ortiz,47836721X,758739938,patricia.alvarez428@outlook.es,Alumbrado Público,La Calle Salitre esta sumida en la más completa oscuridad desde hace semanas. No hay ni una farola que funcione en un tramo de 150 metros. Es un foco de delincuencia.,4,2026-04-16T03:05:04+02:00,"Calle Duquesa 73, 2ºB, 18006 Granada","37.183147, -3.574371 - Al lado del contenedor de reciclaje"
Pablo,Castro Alonso,28678811L,689697648,pablocastro342@gmail.com,Parques y Jardines,Varios bancos en el Parque de las Flores tienen los respaldos con liston suelto que se mueven al tocarlos.,2,2026-04-16T11:53:53+02:00,"Paseo de los Tristes 17, 4ºC, 18002 Granada","37.179207, -3.619596 - Frente al portal 6"
Rosa,Martínez Castillo,83798385R,698948975,rosa.martinez859@outlook.es,Movilidad,Bache pequeño pero peligroso en la Calle Tablas que ya a causado pinchazo a dos ciclistas en la ultima semana. Necesita sellado rapido.,2,2026-04-16T14:13:57+02:00,"Gran Vía de Colón 48, Bajo B, 18005 Granada","37.181599, -3.621108 - Frente al supermercado"
Carmen,Sanz Rodríguez,84179703W,737368889,carmen_sanz53@gmail.com,Mobiliario Urbano,"Protector de arbol (bolardo cilíndrico) extraído de raiz en calle Ángel Ganivet, dejando crater en acera. Varias personas han sufrido caidas y tobillos torcidos segun vecinos.",4,2026-04-16T18:37:23+02:00,"Calle Recogidas 31, 2ºA, 18014 Granada","37.164156, -3.616055 - En la acera izquierda"
Daniel,Herrera Díaz,63879499N,954480072,daniel.herrera259@gmail.com,Limpieza,"El contenedor de vidrio en la calle Real ava a explotar, esta rebosante y hay cristales en el suelo.",2,2026-04-16T21:31:44+02:00,"Calle Severo Ochoa 36, 6ºA, 18003 Granada","37.184637, -3.576103 - En la acera izquierda"
Alejandro,Díaz Navarro,86858604R,641382369,alejandrodiaz399@outlook.es,Otros,"Pintada con spray rojo en fachada de edificio residencial en Calle Reyes Católicos, letras pequeñas, fácilmente removible con limpieza.",1,2026-04-17T11:42:06+02:00,"Calle Puentezuelas 55, 1ºD, 18006 Granada","37.171386, -3.608156 - Junto a la parada de autobús"
Ramón,Gómez Ortiz,77862231D,699357456,rgomez156@hotmail.es,Otros,"Ruido excesivo de musica en domicilio pasada las 23:00 horas, los vecinos no pueden dormir. Noche del sabado en Albaicín.",2,2026-04-17T14:21:57+02:00,"Calle Profesor Emilio Orozco 80, 3ºA, 18006 Granada","37.189768, -3.598262 - Junto al quiosco de prensa"
Manuel,Molina Rodríguez,74597525S,924767231,mmolina633@live.com,Alumbrado Público,Cable eléctrico desprendido colgando entre dos farolas en la Calle Mercado. Esta muy bajo y varias personas se han golpeado. Danger real de electrocución.,5,2026-04-17T17:40:30+02:00,"Calle Profesor Emilio Orozco 56, 3ºD, 18003 Granada","37.197786, -3.573800 - A la altura del número 49"
José,Romero Hernández,26557765X,627764626,jose_romero42@live.com,Limpieza,"Basura acumulada en el callejo del Agua desde hace 6 dias, botellas, bolsas y restos de comida descompuesta, huele horrible.",3,2026-04-17T22:05:17+02:00,"Avenida de Cervantes 74, 1ºC, 18006 Granada","37.156921, -3.614729 - Frente a la iglesia"
Antonio,Moya Marín,60907821A,963793264,antonio.moya315@hotmail.com,Mobiliario Urbano,"Estructura de hierro del quiosco de prensa en plaza de la Romanilla esta suelta en sus conexiones, se mueve y cruje peligrosamente. Riesgo de colapso partial.",5,2026-04-18T04:29:40+02:00,"Avenida de la Constitución 115, 6ºA, 18013 Granada","37.185287, -3.617325 - Junto al colegio"
Carmen,León Martínez,70767720D,975420777,carmen.leon.martinez@gmail.com,Alumbrado Público,"La farola de la esquina de Calle Calderia Nueva con Placeta del Agua emite una luz muy tenue, casi fantasmagórica. No es suficiente iluminacion.",1,2026-04-18T05:22:14+02:00,"Avenida de Dílar 84, 4ºA, 18006 Granada","37.166225, -3.581729 - Junto a la fuente"
Carmen,Navarro Jiménez,53858246C,659652892,carmennavarro847@hotmail.com,Otros,"Grupo de ratas en sótano de edificio comunitario en Plaza Nueva, se ven heces en la zona de almacenamiento. Riesgo sanitario moderado.",3,2026-04-18T09:40:33+02:00,"Gran Vía de Colón 4, 4ºC, 18012 Granada","37.166771, -3.591791 - Junto al paso de peatones"
Francisco,Vázquez Romero,60415300G,945579353,francisco.vazquez.romero@gmail.com,Alumbrado Público,Farola fundida en Avda. Libertad a la altura de la Facultad de Derecho. Hay farolas funcionando a 20 metros de distancia pero esta quedo sin luz.,2,2026-04-18T11:59:00+02:00,"Avenida de Madrid 3, 3ºC, 18005 Granada","37.195080, -3.570666 - Al lado del contenedor de reciclaje"
Patricia,Sánchez Delgado,77342748G,655222307,psanchez970@gmail.com,Alumbrado Público,En la Calle Tablas hay 3 farolas consecutivas apagadas. La iluminacion es muy deficiente y los coches circulan casi sin ver donde van.,3,2026-04-18T13:53:39+02:00,"Calle Gracia 56, 2ºD, 18001 Granada","37.199004, -3.611863 - Junto al quiosco de prensa"
Jorge,Gómez Cano,43136387W,691504994,jorge.gomez314@yahoo.es,Limpieza,"Se ha derramado aceite de motor en la calle Mercaderes, es peligroso para motocicletas y bicicletas que pueden resbalar.",4,2026-04-18T20:57:09+02:00,"Avenida de Madrid 114, 3ºC, 18002 Granada","37.185618, -3.616008 - Junto a la parada de autobús"
Laura,Gallego Gil,47884337Q,787517532,laura.gallego.gil@outlook.es,Limpieza,"Bariles con sustancia desconocida y olor quimico fuerte aparecieron en calle Gracia muy cerca de la escuela infantil, esto es peligro inminente.",5,2026-04-19T00:21:39+02:00,"Calle Alcaicería 12, Ático, 18011 Granada","37.197510, -3.570958 - Frente a la iglesia"
Enrique,Gómez Sanz,95022941M,636005516,enrique_gomez51@yahoo.es,Limpieza,Papeles de snacks y botellas tiradas en la acera de Calle Real junto al semaforo de la Plaza Bib-Rambla. He visto esto hace días y la basura sigue allí.,1,2026-04-19T03:31:18+02:00,"Calle San Antón 58, 1ºC, 18002 Granada","37.172957, -3.596103 - Junto al paso de peatones"
Beatriz,Moreno Gallego,17676026C,928407431,beatrizmoreno767@gmail.com,Otros,Fuga importante de agua en calzada de Calle Recogidas provocando charcas y desnivel peligroso. Tuberia rota bajo asfalto.,4,2026-04-19T06:10:08+02:00,"Plaza Bib-Rambla 19, 1ºA, 18014 Granada","37.180476, -3.593950 - Junto al colegio"
José,Ortiz Romero,11324665V,991139287,joseortiz285@gmail.com,Limpieza,"El contenedor verde de la esquina Calle Reyes Católicos está algo lleno, se ve que no lo recogieron ayer. Sin embargo funciona bien.",2,2026-04-19T10:19:31+02:00,"Paseo del Salón 16, Ático, 18012 Granada","37.177338, -3.585271 - Junto a la fuente"
Pedro,Blanco Iglesias,16055461N,920723187,pedro.blanco.iglesias@outlook.es,Mobiliario Urbano,Papelera en plaza Lavadera abollada varias veces pero mantiene su forma general. La tapa cierra con dificultad pero sirve.,1,2026-04-20T03:49:21+02:00,"Avenida de Cervantes 8, 6ºA, 18009 Granada","37.185027, -3.607364 - Frente al portal 65"
Jesús,Marín Pérez,89909812Y,922874832,jesusmarin851@live.com,Alumbrado Público,"La Calle San Matias esta completamente a oscuras en el tramo que va desde la Puerta Nueva hasta la Carcel. No se puede circular por ahi de noche, es peligrosísimo.",4,2026-04-20T06:05:54+02:00,"Calle San Antón 20, Bajo B, 18011 Granada","37.162129, -3.620982 - Junto al paso de peatones"
Dolores,Rivera Flores,97285411B,785565708,doloresrivera451@live.com,Limpieza,Charco de aceite de motor en el pavimento frente al taller de motos en Calle Angel Ganivet. Es peligroso para el trráfico y los peatones que resbalen.,4,2026-04-20T06:42:52+02:00,"Avenida de Cervantes 112, 1ºC, 18010 Granada","37.175452, -3.578078 - Frente a la iglesia"
Amparo,Sanz Navarro,44061066N,911088126,amparo.sanz82@outlook.es,Movilidad,"Socavon importante en la Avenida Juan Pablo II generado por tuberia rota subterranea. El asfalto se hundio dejando un crater de 40cm de profundidad, imposible pasar.",5,2026-04-20T08:22:28+02:00,"Plaza de Mariana Pineda 74, 1ºD, 18008 Granada","37.158868, -3.621697 - Frente a la farmacia"
Patricia,Romero Pérez,89858611A,615579600,patricia.romero.perez@outlook.es,Limpieza,"Bolsas de basura acumuladas durante 4 dias en Paseo de los Mártires, junto a los árboles. Genera mal olor y hay insectos.",3,2026-04-20T14:25:27+02:00,"Paseo del Salón 63, Bajo A, 18012 Granada","37.197407, -3.573255 - En la acera izquierda"
Isabel,Serrano Garrido,40594591M,970475854,isabel_serrano98@gmail.com,Alumbrado Público,He visto un cable de tension caido sobre la acera de la Avenida Andaluces. Esta pegando chispas contra el suelo mojado. PELIGRO INMEDIATO de electrocution.,5,2026-04-20T18:12:01+02:00,"Avenida de Dílar 39, 1ºB, 18006 Granada","37.160771, -3.579391 - Frente a la farmacia"
Beatriz,Gómez Vázquez,92577612J,956541128,beatrizgomez852@gmail.com,Movilidad,"Señales de direccion en la zona de los Martires estan confusas, una flecha apunta al revez. Los taxis se pierden constantemente.",1,2026-04-20T23:01:57+02:00,"Calle Obispo Hurtado 54, Bajo B, 18011 Granada","37.178227, -3.613120 - En la rotonda"
Rosa,Díaz Muñoz,58883350S,719818657,rosa.diaz.munoz@gmail.com,Alumbrado Público,"Bombilla con bajo rendimiento luminoso en Plaza Santa Ana, la luz que da no me permite leer o ver claramente el entorno nocturno.",1,2026-04-20T23:45:56+02:00,"Calle Alhamar 70, 4ºA, 18007 Granada","37.163983, -3.585165 - Junto al quiosco de prensa"
Andrés,Díaz García,66964456W,789419030,andres.diaz.garcia@outlook.es,Alumbrado Público,"Hay una farola sin encender en la Calle Buen Viaje, cerca del semaforo. La iluminacion de alrededor es aceptable pero esta falla notablemente.",2,2026-04-21T00:47:38+02:00,"Calle Reyes Católicos 104, 1ºD, 18001 Granada","37.156794, -3.574882 - Frente a la iglesia"
Pablo,Díaz Rivera,19780024R,761012801,pablo_diaz13@hotmail.es,Movilidad,"Semaforo de la Avenida del doctor Oloriz completamente apagado en horas nocturnas, solo funciona durante el dia. Cruces nocturnos sin señalizacion.",4,2026-04-21T01:36:27+02:00,"Calle Tinajilla 29, 5ºB, 18015 Granada","37.191054, -3.600993 - Junto al centro de salud"
Manuel,Díaz Navarro,42498682H,778060276,mdiaz213@hotmail.com,Parques y Jardines,"El riego por goteo en los jardines del Realejo no funciona haver tres semanas, las plantas estan marchitandose.",3,2026-04-21T01:59:46+02:00,"Calle Sierpe 57, 1ºA, 18009 Granada","37.194063, -3.577004 - Junto al paso de peatones"
Sofía,Guerrero Delgado,36137744Y,923592539,sguerrero413@outlook.es,Parques y Jardines,En el Parque de Fuente Nueva hay una rama de encina muy grande que hace crujidos preocupantes y puede desprenderse en cualquier momento.,4,2026-04-21T05:46:14+02:00,"Camino de Ronda 45, 1ºB, 18013 Granada","37.183699, -3.609324 - Frente al portal 39"
Sofía,Rivera Ramos,41786257H,634982701,sofia.rivera297@outlook.es,Alumbrado Público,Seccion de Calle Laurel con 6 farolas sin funcionamiento. Es zona de mucho transito nocturno y la oscuridad es preocupante. Varios robos reportados.,3,2026-04-21T10:22:44+02:00,"Calle Gracia 107, 1ºD, 18007 Granada","37.189859, -3.615842 - Junto al colegio"
Carlos,Molina Álvarez,67420450K,982478360,cmolina354@gmail.com,Alumbrado Público,"Toda la Avenida del Hospicio desde la Rotonda de Mariana Pineda hasta el cruce con Calle San Juan de Dios es noche cerrada. Cero iluminacion publica, muy problematico.",4,2026-04-21T13:08:59+02:00,"Paseo del Salón 9, 5ºB, 18001 Granada","37.157621, -3.592739 - En la rotonda"
Iván,Álvarez Guerrero,50508362V,793831957,ialvarez613@gmail.com,Otros,"Perro de tamaño grande sin cadena ni bozal merodeando por parque de San Jerónimo, comportamiento agresivo con niños.",5,2026-04-21T17:52:08+02:00,"Calle Pedro Antonio de Alarcón 18, 3ºD, 18001 Granada","37.160474, -3.581478 - Frente a la farmacia"
Sergio,Pérez Moya,32581674N,628828770,sergio.perez969@gmail.com,Alumbrado Público,Conductor informó de un cable eléctrico de alta tension rozando la calzada en la Calle Santa Cruz del Comercio. Genera arcos electricos y es un riesgo grave para vehiculos y peatones.,5,2026-04-21T18:12:17+02:00,"Paseo del Salón 42, 2ºD, 18001 Granada","37.198325, -3.604828 - Junto al colegio"
Ana,León Castro,51161075J,625339755,aleon383@gmail.com,Alumbrado Público,La farola de la esquina Calle Real con Gran Via tiene la bombilla fundida desde hace una semana. Apenas se ve de noche pero hay otras cerca.,2,2026-04-22T04:13:36+02:00,"Calle Pedro Antonio de Alarcón 78, 3ºC, 18002 Granada","37.176548, -3.584153 - Bajo la marquesina del autobús"
Sara,Gallego Rodríguez,77971471E,698934308,saragallego617@gmail.com,Otros,"Olor fuerte a orina en portal de calle Navas, zona se mantiene mojada y pegajosa. Posible habia problema sanitario recurrente.",3,2026-04-22T10:49:24+02:00,"Calle Molinos 88, Bajo B, 18015 Granada","37.183826, -3.618490 - Frente al portal 32"
Carlos,Domínguez Ruiz,55153794R,640136373,carlos.dominguez.ruiz@hotmail.es,Otros,"Cristal roto en vitrina de comercio cerrado en Calle Elvira, solo pequeño impacto, no hay peligro inmediato.",1,2026-04-23T00:35:13+02:00,"Calle Gonzalo Gallas 89, 1ºD, 18010 Granada","37.192401, -3.580956 - En la esquina con Calle Neptuno"
Iván,Moya Navarro,19817029E,624915932,ivan.moya.navarro@gmail.com,Alumbrado Público,En la Avenida de la Constitucion hay un cable electrico colgando peligrosamente entre dos postes. Podria caer en cualquier momento.,5,2026-04-23T04:01:51+02:00,"Calle Doctor Olóriz 72, 1ºC, 18002 Granada","37.169637, -3.591609 - Junto al centro de salud"
Iván,León Álvarez,76444464P,665426988,ivanleon440@live.com,Movilidad,Bache extenso en la Calle Caldereria Vieja que afecta a todo el ancho de la calle. Vehículos de gran tamaño no pueden pasar sin riesgo de dañarse.,3,2026-04-23T09:42:59+02:00,"Calle Reyes Católicos 120, 4ºC, 18008 Granada","37.169700, -3.623778 - Al lado del contenedor de reciclaje"
Mercedes,Martínez Moreno,66784045A,913126007,mercedesmartinez795@hotmail.com,Movilidad,"Señal de velocidad maxima en Calle Recogidas completamente desgastada, no se ve el numero. Lleva asi mas de un mes y es un peligro para los conductores nuevos.",1,2026-04-23T19:14:16+02:00,"Calle Molinos 41, Bajo A, 18003 Granada","37.196373, -3.605703 - Junto al quiosco de prensa"
Miguel,Sanz Blanco,23337281D,695759628,miguel.sanz.blanco@gmail.com,Alumbrado Público,La luz brilla muy tenue en la Calle Virgen del Carmen. Se ve algo pero la intensidad es muy baja para iluminar bien.,1,2026-04-23T20:39:51+02:00,"Calle Doctor Olóriz 79, 4ºA, 18002 Granada","37.169671, -3.618848 - Junto a la parada de autobús"
Andrea,Prieto Molina,81915131X,761001522,andrea.prieto.molina@hotmail.com,Movilidad,Bache de aproximadamente 30cm en la Avenida Constitucion frente a la estacion. Mi coche ya ha sufrido daños en la suspenssion.,2,2026-04-23T23:55:14+02:00,"Calle Reyes Católicos 57, 1ºC, 18014 Granada","37.157025, -3.610768 - Junto a la parada de autobús"
Francisco,Hernández Gómez,98513215Y,660473265,franciscohernandez567@outlook.es,Movilidad,Semaforo en la interseccion de Gran Via y Calle Duquesa esta parpadeando en rojo de forma intermitente. Los vehiculos cruzan sin precaucion.,3,2026-04-24T04:16:51+02:00,"Calle Profesor Emilio Orozco 10, 1ºC, 18012 Granada","37.190177, -3.600602 - En la esquina con Calle Mesones"
Iván,Torres Marín,34927341R,779296579,ivan.torres.marin@gmail.com,Limpieza,Envoltorios de chicle y papeletas pegadas en la pared del Mercado de San Agustin. Es solo estética pero molesta el aspecto general.,1,2026-04-24T04:42:39+02:00,"Acera del Darro 19, Ático, 18010 Granada","37.171335, -3.611507 - Al lado del contenedor de reciclaje"
Javier,Navarro Ramos,21929917S,799364137,jnavarro496@gmail.com,Limpieza,"Vertido de residuos químicos con olor fuerte a 50 metros del Colegio Publico Virgen del Carmen. Los niños pasan por allí cada mañana, esto es muy peligroso.",5,2026-04-24T12:56:58+02:00,"Acera del Darro 48, 4ºB, 18012 Granada","37.186891, -3.595534 - Frente a la farmacia"
Diego,Iglesias Medina,30954674D,625364762,diego_iglesias25@yahoo.es,Limpieza,Contenedor de residuos organicos rebosante en la Avenida de la Constitución. Huele muy mal y atrae a palomas.,2,2026-04-24T19:29:21+02:00,"Calle Alcaicería 3, 4ºB, 18012 Granada","37.184782, -3.613728 - Junto al parque infantil"
Antonio,González Blanco,75346928D,965915838,antonio.gonzalez.blanco@gmail.com,Alumbrado Público,Desde plaza Nueva hasta calle Elvira estan apagadas como 5 farolas seguidas. La zona queda completamente a oscuras por la noche.,4,2026-04-24T22:10:38+02:00,"Calle San Antón 87, 6ºA, 18004 Granada","37.173828, -3.590522 - Bajo la marquesina del autobús"
Isabel,Muñoz Díaz,76438582Z,976281587,isabelmunoz763@hotmail.es,Parques y Jardines,Un álamo completo se ha caido en el Paseo de los Martires bloqueando totalmente la circulacion de peatones y vehiculos.,5,2026-04-25T03:58:52+02:00,"Calle Reyes Católicos 29, 1ºC, 18003 Granada","37.195941, -3.615019 - Junto al parque infantil"
Pedro,Castro Cortés,78063671S,927050269,pedro_castro29@gmail.com,Movilidad,El semáforo de la Ronda Sur a la altura del Hospital Clínico está completamente apagado. Hay cruces sin control y riesgo de colisión.,4,2026-04-25T04:19:53+02:00,"Avenida de la Constitución 10, 3ºC, 18004 Granada","37.167885, -3.599137 - Frente al portal 80"
Teresa,Núñez Rodríguez,32928789B,624060322,tnunez261@hotmail.com,Limpieza,Hay papeles de cartas y revistas esparcidas en la parada de autobus número 12 en Calle Elvira. Solo son papeles pero se ve descuidado.,1,2026-04-25T13:53:10+02:00,"Calle Duquesa 86, 4ºC, 18009 Granada","37.198076, -3.614126 - En la mediana de la avenida"
Ramón,Rivera Torres,83768769D,672496319,rrivera581@hotmail.com,Limpieza,"Acumulacion de basura (vidrios, latas, bolsas) en el solar abandonado junto a la Estacion de autobuses, ha estado así más de una semana y es un focu de insectos.",3,2026-04-26T00:00:42+02:00,"Calle Duquesa 118, 2ºC, 18001 Granada","37.195388, -3.590138 - Frente a la farmacia"
Carlos,Medina Torres,68418570X,741308743,cmedina884@hotmail.es,Alumbrado Público,"Farola rota en Calle Puente del Carbon. La luz está fundida y no há otra muy cerca, la calle está bastante oscura.",3,2026-04-26T20:16:50+02:00,"Calle Tablas 34, 1ºD, 18011 Granada","37.168605, -3.590785 - Al lado del contenedor de reciclaje"
Teresa,González Muñoz,43189773M,656095029,teresa.gonzalez736@gmail.com,Alumbrado Público,Hay 3 farolas sin funcionar en la Avenida Camino de Ronda entre los numeros 45 y 65. Es dificil caminar por ahi de noche.,3,2026-04-27T03:11:37+02:00,"Calle Recogidas 58, 5ºB, 18005 Granada","37.166227, -3.582832 - A la altura del número 46"
Jesús,Ortiz Ramos,11080928B,988026783,jesus.ortiz.ramos@gmail.com,Movilidad,"Socavon enorme en la calle del Comercio, junto a la puerta de la Universidad. Se há hundido media calzada, es imposible pasar.",5,2026-04-27T07:39:55+02:00,"Calle San Antón 4, 1ºA, 18009 Granada","37.158896, -3.595011 - Junto a la parada de autobús"
Silvia,Hernández Garrido,12281316Y,688253446,silvia.hernandez660@gmail.com,Parques y Jardines,"El cesped del parque de los Mártires lleva tres semanas sin cortar, las hierbas están altísimas y llenas de semillas. Es algo que ya no da buen aspecto al lugar.",1,2026-04-27T08:26:02+02:00,"Calle Pedro Antonio de Alarcón 40, 1ºD, 18001 Granada","37.194013, -3.619359 - Frente al portal 5"
Daniel,Blanco González,35376939H,688305534,daniel.blanco296@yahoo.es,Limpieza,"Fuerte vertido de gasolina en la calle junto a la gasolinera de Calle Santa Magdalena. El pavimento brilla y hay olor potente, riesgo de incendio.",4,2026-04-27T11:52:26+02:00,"Calle Doctor Olóriz 115, 1ºC, 18012 Granada","37.192502, -3.607081 - Bajo la marquesina del autobús"
Vicente,Díaz López,41118297R,922599772,vicentediaz757@yahoo.es,Movilidad,Linea continua en Calle Elvira con pintura prácticamente invisible. Los conductores adelantan sin poder verla claramente.,1,2026-04-27T12:49:05+02:00,"Avenida de Madrid 14, 3ºC, 18003 Granada","37.194127, -3.576923 - Junto al centro de salud"
Silvia,Cano Molina,88646485T,630640166,scano436@hotmail.com,Otros,"Botellón en Plaza Trinitarios con aproximadamente 60 personas, botellas rotas, ruido y conductas agresivas entre grupos.",4,2026-04-27T17:30:13+02:00,"Calle Alhamar 39, Ático, 18013 Granada","37.195696, -3.583709 - Junto a la fuente"
Alejandro,Domínguez Sanz,24597128P,951076381,alejandro_dominguez98@hotmail.com,Alumbrado Público,Toda la Calle Santisimo Sacramento está a oscuras completamente. Ninguna farola funciona desde la rotonda hasta el final.,4,2026-04-27T22:34:00+02:00,"Paseo del Salón 69, 3ºB, 18001 Granada","37.181331, -3.608958 - En la esquina con Calle Doctor Olóriz"
Josefa,Medina Gallego,19666243R,745702272,josefa.medina.gallego@gmail.com,Alumbrado Público,La bombilla de la Calle Coja está apagada pero las de al lado funcionan bien. No es una zona muy peligrosa.,2,2026-04-28T02:12:06+02:00,"Calle Navas 98, 2ºC, 18003 Granada","37.157543, -3.610230 - Frente a la farmacia"
Miguel,Domínguez Núñez,79714641E,919484679,miguel_dominguez78@yahoo.es,Limpieza,Pequeños papeles y envoltorios de tabaco junto al banco de plaza Nueva. No es grande el problema pero se debería limpiar.,1,2026-04-28T03:05:08+02:00,"Calle Obispo Hurtado 94, 4ºA, 18009 Granada","37.184880, -3.617443 - Junto a la fuente"
Pablo,Gutiérrez Ortiz,32373571J,637355766,pablo.gutierrez202@gmail.com,Parques y Jardines,"En el jardin botanico, una rama gruesa del olmo cuelga peligrosamente sobre el camino principal. Cae un trozo cada vez que hay viento fuerte.",4,2026-04-28T06:25:41+02:00,"Calle Severo Ochoa 63, 6ºA, 18005 Granada","37.175719, -3.592764 - Junto al parque infantil"
Nuria,Moya Romero,82583004D,992983385,nuria.moya610@gmail.com,Limpieza,"Vertido de pintura tóxica de color rojo en la acera frente a la escuela infantil Los Girasoles. Hay niños pequeños que juegan por ahí, esto es una urgencia sanitaria grave.",5,2026-04-28T07:38:53+02:00,"Gran Vía de Colón 57, 5ºB, 18014 Granada","37.196247, -3.572076 - En la mediana de la avenida"
Dolores,Guerrero Flores,98306103D,635021704,doloresguerrero823@hotmail.com,Mobiliario Urbano,Banco metalico junto a la Gran Vía con pintura descarapelada en extremos. Se ve la rousted metal debajo pero estructura integra. Necessita pintura.,2,2026-04-28T07:59:31+02:00,"Calle Arabial 21, 4ºB, 18013 Granada","37.194336, -3.614125 - Junto al colegio"
Cristina,Rubio Rodríguez,95396442D,642204253,cristina.rubio.rodriguez@gmail.com,Mobiliario Urbano,"Parada de autobús en calle Tablas con cristal delantero que tiene dos grietas largas y paralelas. Aspecto inestable, a punto de partirse completamente.",3,2026-04-28T12:59:57+02:00,"Calle Real de Cartuja 48, Ático, 18001 Granada","37.162332, -3.611130 - Junto a la parada de autobús"
Miguel,Marín Gallego,11816128Q,663012458,miguel_marin45@hotmail.com,Alumbrado Público,En la Plaza de la Universidad la iluminacion es deficiente. La luz parpadea constantemente y apenas se ve el suelo.,1,2026-04-28T15:02:23+02:00,"Calle Duquesa 116, Bajo A, 18015 Granada","37.155567, -3.616082 - Bajo la marquesina del autobús"
Alberto,Gómez Vázquez,74183636B,750500243,alberto_gomez35@gmail.com,Alumbrado Público,Cable electrico caido sobre la acera en Calle Reyes Católicos. Está pelado y es muy peligroso. Urge reparación inmediata.,5,2026-04-28T18:27:09+02:00,"Calle Navas 16, 3ºC, 18005 Granada","37.193746, -3.571535 - Junto a la fuente"
Elena,Moreno Delgado,93146921A,610830741,elena.moreno.delgado@hotmail.com,Limpieza,"Contenedor marrón de la calle Navas un poco lleno, pero sin que rebose todavia. Se vé que necesita ser recogido en breve.",2,2026-04-28T20:47:20+02:00,"Calle Recogidas 102, 1ºA, 18008 Granada","37.190232, -3.581294 - En la esquina con Calle Duquesa"
Iván,Moya Iglesias,62397817J,724430832,imoya267@hotmail.com,Alumbrado Público,Avenida de los Martires tiene 2 farolas seguidas que no encienden. Hay oscuridad en ese tramo pero no en toda la calle.,2,2026-04-28T22:37:10+02:00,"Avenida de Dílar 55, 1ºC, 18005 Granada","37.157848, -3.595149 - A la altura del número 31"
Enrique,Torres Jiménez,26465624F,955582202,enrique.torres.jimenez@outlook.es,Mobiliario Urbano,"Bolardo de protección arrancado frente a Mercado de San Agustín en calle Nueva, deja un agujero profundo sin protección. Bastante riesgo para invertidos y ancianos.",4,2026-04-29T04:23:00+02:00,"Calle Zacatín 32, 3ºB, 18004 Granada","37.179162, -3.590901 - Frente al supermercado"
Rubén,Ramos Hernández,85569489J,658513758,ruben_ramos87@yahoo.es,Mobiliario Urbano,"Soporte metalico del toldo en la terraza del café de la Explanada totalmente suelto en su base, inclinado peligrosamente. Podria caer sobre la gente sin previo aviso inmediato.",5,2026-04-29T06:10:23+02:00,"Plaza de Mariana Pineda 1, 1ºC, 18013 Granada","37.159739, -3.617777 - Al lado del contenedor de reciclaje"
Laura,López Gallego,18421250K,953870267,laura.lopez848@gmail.com,Limpieza,"Basura variada acumulada (plásticos, papel, restos comida) durante varios dias en la zona trasera del mercadillo de los jueves en Plaza del Carmen. Huele muy fuerte.",3,2026-04-29T09:20:28+02:00,"Camino de Ronda 116, 1ºA, 18001 Granada","37.197036, -3.590885 - En la acera izquierda"
Laura,Iglesias Domínguez,74354079R,645152453,liglesias319@hotmail.es,Alumbrado Público,La Calle Tablas está completamente a oscuras de noche. Las 7 farolas del tramo no funcionan ninguna.,4,2026-04-29T14:34:47+02:00,"Calle Tablas 89, 5ºB, 18002 Granada","37.194439, -3.616487 - Junto al quiosco de prensa"
Josefa,Gil González,72093115Y,762436631,josefagil75@gmail.com,Alumbrado Público,"Farola en Calle Gracia con intensidad muy baja. Emite una luz debil y amarillenta, apenas ilumina 2 metros.",1,2026-04-29T17:14:24+02:00,"Calle Gonzalo Gallas 35, 4ºA, 18010 Granada","37.170909, -3.597754 - En la rotonda"
Jesús,Molina García,12365026L,992071628,jesus.molina.garcia@live.com,Movilidad,"Baches multiples en la Avenida Fuente Nueva, toda la zona de circulacion esta afectada. Hace falta un reparcheo urgente.",2,2026-04-29T20:36:22+02:00,"Calle Alhamar 76, 5ºB, 18003 Granada","37.175636, -3.589932 - Bajo la marquesina del autobús"
Adrián,Castillo Hernández,23736331D,636732087,adrian.castillo.hernandez@gmail.com,Movilidad,"Semaforo peatonal en Plaza Nueva con fallo electrico, parpadea constantemente sin parar. Los peatones estan confundidos.",3,2026-04-29T23:02:25+02:00,"Calle Real de Cartuja 55, Ático, 18005 Granada","37.177993, -3.613714 - Junto al paso de peatones"
Pedro,Molina Calvo,31623162W,717477788,pmolina840@outlook.es,Limpieza,"Papeletas de estacionamiento y trozos de periodicos en las escaleras de acceso al Albaicin, zona de Cuesta de Chorrillo. Solo desorden visual.",1,2026-04-30T03:48:01+02:00,"Plaza Bib-Rambla 106, 2ºC, 18015 Granada","37.166819, -3.582204 - Frente a la iglesia"
Francisco,García Sánchez,61180192P,771892486,franciscogarcia211@gmail.com,Otros,"Vendedor ambulante sin licencia vendiendo articulos falsificados en Paseo de los Martires, genera aglomeración y desorden.",2,2026-04-30T16:00:01+02:00,"Calle Tinajilla 104, 1ºB, 18008 Granada","37.196397, -3.601410 - Junto a la fuente"
Iván,Iglesias Prieto,76128828R,992900163,ivan.iglesias.prieto@gmail.com,Alumbrado Público,En Avenida Juan Pablo II están apagadas 4 farolas consecutivas entre el comercio y la farmacia. Zona muy oscura para peatones.,3,2026-04-30T18:35:14+02:00,"Calle Reyes Católicos 45, 3ºA, 18013 Granada","37.177532, -3.579275 - En la acera derecha"
Ana,Medina Ramos,59954814R,978578855,amedina935@yahoo.es,Limpieza,Derramen accidental de aceite quemado en la calzada de Calle Atarazanas junto a un garaje. Los coches patináran peligrosamente y es contaminación ambiental seria.,4,2026-04-30T22:24:37+02:00,"Calle Recogidas 117, 2ºA, 18004 Granada","37.172615, -3.570766 - Frente al portal 26"
Carmen,Vázquez Cano,17195536T,757323534,cvazquez879@gmail.com,Limpieza,Bolsas de residuos acumuladas hace más de 5 días en la zona de estacionamiento de motos en Calle San Anton. Atrae ratas y genera mal olor en toda la cuadra.,3,2026-05-01T12:24:32+02:00,"Calle San Juan de Dios 68, Bajo B, 18004 Granada","37.181904, -3.578619 - A la altura del número 48"
Javier,Ortiz Sanz,12971715Z,616168480,javierortiz555@gmail.com,Limpieza,Envoltorios de comida rápida esparcidos en la plaza de los Pasiegas. Se ve desorganizado pero no hay peligro realmente.,1,2026-05-01T14:23:03+02:00,"Paseo de los Tristes 94, 2ºA, 18009 Granada","37.159774, -3.615212 - Bajo la marquesina del autobús"
Carmen,Castillo Rodríguez,54459564A,923444859,carmencastillo809@live.com,Parques y Jardines,Varios bancos en la plaza del Carmen tienen los listones rotos o sueltos. Uno de ellos tiene tres travesaños con holgura excesiva.,2,2026-05-01T14:31:10+02:00,"Calle Zacatín 58, 1ºA, 18004 Granada","37.179915, -3.619781 - Junto al quiosco de prensa"
Beatriz,Domínguez Blanco,29948939H,671471954,beatriz_dominguez89@gmail.com,Movilidad,Cruce principal en Puerta Real sin señales de stop ni semaforo funcionando. Vehiculos han chocado 2 veces esta semana.,4,2026-05-01T17:55:27+02:00,"Calle Reyes Católicos 104, Ático, 18010 Granada","37.192423, -3.621652 - Junto a la parada de autobús"
Paula,Gómez Guerrero,53857501B,678390930,pgomez675@outlook.es,Limpieza,Vertido de sustancia tóxica desconocida en calle Justicia cerca del patio de la guardería municipal. He visto un fuerte olor a químicos y hay cambio de color en el pavimento.,5,2026-05-01T19:37:31+02:00,"Avenida de Cervantes 60, 1ºC, 18011 Granada","37.156246, -3.606107 - Junto al colegio"
David,Prieto Calvo,47192715G,777818102,david.prieto923@hotmail.es,Parques y Jardines,El sistema de riego automático de los arriates centrales del parque de las Ciencias está averiado hace una semana. Las plantas se están secando rapidamente.,3,2026-05-01T20:21:42+02:00,"Calle Mesones 39, 2ºB, 18010 Granada","37.166424, -3.571521 - Bajo la marquesina del autobús"
Daniel,Muñoz Blanco,29511718G,626701531,dmunoz412@yahoo.es,Mobiliario Urbano,"Papelera junto a plaza Mariana Pineda completamente abollada en varios puntos, imposible cerrar la tapadera. El metal esta hundido y despintado.",1,2026-05-01T22:27:44+02:00,"Plaza de Mariana Pineda 20, 5ºB, 18006 Granada","37.155563, -3.587919 - Junto al paso de peatones"
Rafael,Domínguez Muñoz,92872534Y,643791991,rafael.dominguez505@gmail.com,Movilidad,"Grieta y hundimiento grave en Calle Navas de Tolosa, la calzada cede hacia un lado. Ya a tocado el alcantarillado subterraneo.",5,2026-05-01T22:46:28+02:00,"Calle Sierpe 59, Bajo A, 18015 Granada","37.198216, -3.583712 - En la acera izquierda"
Carlos,León Ramos,53762075N,637405244,carlosleon710@live.com,Alumbrado Público,Hay un cable electrico colgando y rozando la farola en Calle Molinos. Podría haber un cortocircuito o electrocucion.,5,2026-05-02T06:38:37+02:00,"Calle Mesones 55, 2ºA, 18007 Granada","37.189447, -3.603482 - Frente a la farmacia"
Juan,Jiménez Alonso,46762151T,988469736,juan.jimenez901@gmail.com,Parques y Jardines,"Un árbol de mediano tamaño ha caído completamente en el parque del Retiro, bloqueando totalmente el sendero peatonal principal. Es imposible pasar sin quitar el árbol.",5,2026-05-02T08:09:44+02:00,"Calle Ángel Ganivet 90, 3ºC, 18003 Granada","37.184861, -3.574260 - En la esquina con Calle Arabial"
Alicia,Núñez Iglesias,65222269L,749538505,alicia.nunez.iglesias@gmail.com,Mobiliario Urbano,"Banco de madera en parque de los Mártires con pintura descascarillada, especialmente en los respaldos. Se ve la madera desnuda y hay astillas pequeñas.",2,2026-05-02T08:45:14+02:00,"Calle Alhamar 110, 4ºC, 18014 Granada","37.177985, -3.592863 - En la rotonda"
Sara,López Hernández,56771722V,971927343,sara_lopez47@outlook.es,Movilidad,Cartel de sentido unico en Calle Reyes Catolicos desgastado y ilegible. Hay confucion entre conductores cada dia.,1,2026-05-02T15:31:33+02:00,"Calle Pedro Antonio de Alarcón 43, 4ºB, 18013 Granada","37.193618, -3.617629 - Frente al supermercado"
Rafael,Romero Medina,64977063Q,683648555,rafael.romero.medina@yahoo.es,Movilidad,Pequeno bache junto a la parada de autobús en Avenida de la Paz. Los autobuses evitan la zona por el desnivel.,2,2026-05-02T17:01:37+02:00,"Avenida de Cervantes 45, 2ºC, 18011 Granada","37.188527, -3.581807 - Junto al centro de salud"
Irene,Gómez Blanco,58230149Z,731048675,irene.gomez.blanco@hotmail.es,Limpieza,Contenedor amarillo (reciclaje) casi lleno en la interseccion de Calle Postigo y Calle Calderia. Deberian vaciarlo para evitar que rebose.,2,2026-05-02T18:51:10+02:00,"Acera del Darro 86, 4ºA, 18006 Granada","37.172874, -3.608335 - Frente al supermercado"
Patricia,Hernández Jiménez,15783681T,946249263,patriciahernandez258@outlook.es,Limpieza,Varios papeles de caramelos y bolsas de plastico sueltas en la acera frente al mercadillo de la Plaza Nueva. Lleva ahi dos dias pero no es mucha cantidad.,1,2026-05-02T20:20:44+02:00,"Calle Puentezuelas 87, 1ºA, 18010 Granada","37.191928, -3.623983 - Frente a la farmacia"
Juan,León González,76449824D,680974461,jleon400@outlook.es,Otros,"Ocupacion ilegal de vivienda en Calle Panaderos, acceso forzado visible, riesgo de robo o conflicto vecinale.",4,2026-05-03T07:19:00+02:00,"Calle Recogidas 31, 1ºD, 18013 Granada","37.155209, -3.616211 - Frente a la iglesia"
Antonio,Domínguez Moreno,44210982Z,778841634,antonio.dominguez.moreno@yahoo.es,Limpieza,"El contenedor de residuos en la Calle Reyes Católicos esta bastante lleno, con algunos restos sobresaliendo por los lados. Los camiones de recogida pasaron hace poco pero parece que no lo vaciaron completamente.",2,2026-05-03T08:58:41+02:00,"Avenida de Madrid 95, 4ºC, 18015 Granada","37.163585, -3.591837 - Frente al portal 29"
Daniel,Pérez Jiménez,69580928V,948616686,daniel_perez12@yahoo.es,Limpieza,"Vertido de aceite de cocina en la Calle Elvira, frente a la pastelería. El aceite está esparcido en aproximadamente 3 metros cuadrados de la via publica, creando un peligro de resbalón para peatones y conductores.",4,2026-05-03T11:59:32+02:00,"Calle Zacatín 23, 2ºC, 18009 Granada","37.194817, -3.623988 - Bajo la marquesina del autobús"
Josefa,Torres Rodríguez,92776484G,978580087,josefa.torres.rodriguez@yahoo.es,Movilidad,Semaforo de carril bici en Camino de Ronda parpadea y no coordina con el de peatones. Riesgo de colisiones.,3,2026-05-03T12:27:45+02:00,"Calle Navas 36, 4ºC, 18009 Granada","37.178981, -3.583663 - En la mediana de la avenida"
Nuria,López Gutiérrez,41328920J,998755728,nuria.lopez.gutierrez@outlook.es,Limpieza,"Basura acumulada desde hace una semana en la esquina de la Calle Pavaneras con Calle Navas. Hay bolsas rotas, botellas, latas y residuos organicos que estan atrayendo a palomas y olores desagradables.",3,2026-05-03T16:13:56+02:00,"Calle Tablas 35, 2ºD, 18001 Granada","37.171858, -3.620075 - Frente a la iglesia"
José,Gómez Delgado,63929364J,619614414,josegomez144@hotmail.com,Mobiliario Urbano,"Marquesina de autobús en calle Reyes Católicos con cristal claramente rajado en forma de telaraña, la grieta ocupa casi toda la superficie.",3,2026-05-03T19:06:23+02:00,"Plaza Bib-Rambla 76, 2ºB, 18015 Granada","37.161545, -3.585641 - Frente a la farmacia"
Nuria,Alonso Díaz,12710622V,952876188,nuria.alonso18@outlook.es,Movilidad,Semaforo principal desactivado en Calle Tablas esquina Calle Meson del Moro. Esto a generado caos y tres accidentes ayer.,4,2026-05-03T23:34:05+02:00,"Calle Real de Cartuja 72, 4ºC, 18011 Granada","37.171622, -3.574728 - En la acera izquierda"
Inés,Blanco Jiménez,68096981F,748855341,ines_blanco98@gmail.com,Alumbrado Público,La farola de esquina en Calle Azucenas tiene la bombilla quemada. Otra farola funciona a 50 metros pero esta zona pierde iluminacion.,2,2026-05-03T23:46:48+02:00,"Calle Neptuno 43, 2ºA, 18006 Granada","37.192628, -3.596367 - Frente al portal 66"
Inés,Ortiz Herrera,76771453Y,996465955,ines.ortiz773@gmail.com,Alumbrado Público,Desde Calle Pavaneras hasta Calle Frailes estan sin funcionar 6 farolas. La calle queda practicamente a oscuras totales.,4,2026-05-03T23:54:49+02:00,"Calle Reyes Católicos 30, 6ºA, 18013 Granada","37.172902, -3.574147 - En la rotonda"
Manuel,Molina Pérez,40174537T,798124296,manuelmolina620@gmail.com,Parques y Jardines,El cesped de la zona infantil del parque Azorín está sin cortar hace bastantes dias. Se ve desaliñado pero no presenta riesgo.,1,2026-05-04T01:44:12+02:00,"Calle Gonzalo Gallas 68, Ático, 18008 Granada","37.191685, -3.608842 - En la acera derecha"
Amparo,Flores Vázquez,36486092L,744954546,aflores10@gmail.com,Otros,"Gato atrapado entre rejillas en pozo de sótano en Barrio del Realejo, sonidos de angustia del animal.",2,2026-05-04T02:24:01+02:00,"Calle Duquesa 118, 2ºC, 18015 Granada","37.175819, -3.581009 - Junto a la fuente"
Marta,Castro Rubio,95758741N,943378928,martacastro925@hotmail.es,Alumbrado Público,La iluminacion en Calle Sorolla es muy tenue y amarillenta. La bombilla parece vieja pero aun emite algo de luz.,1,2026-05-04T02:42:21+02:00,"Avenida de la Constitución 90, 2ºA, 18013 Granada","37.183086, -3.605356 - Junto al centro de salud"
Josefa,López Cano,48354905G,678142539,josefa.lopez.cano@outlook.es,Movilidad,Socavon profundo en la calle Santisimo bajo la qual se intuye falta de soporte. Pone en riesgo la seguridad estructural de edificios.,5,2026-05-04T05:08:59+02:00,"Calle Ángel Ganivet 50, 1ºD, 18006 Granada","37.197884, -3.580346 - Frente a la farmacia"
Raquel,Navarro Ruiz,63173696X,625346104,raquel.navarro.ruiz@hotmail.com,Limpieza,Papeletas y envolturas de chocolatinas tiradas alrededor de la papelera de la Plaza de la Universidad. Solo unos pocos papeles sueltos en la zona inmediata.,1,2026-05-04T13:01:37+02:00,"Calle Gonzalo Gallas 9, 1ºD, 18011 Granada","37.159395, -3.623506 - Junto al parque infantil"
Laura,Cano Iglesias,35095300Z,791601052,lcano249@gmail.com,Movilidad,"Placa de calle San Juan de Dios completamente oxidada, las letras no se leen. Los repartidores no pueden encontrar las direcciones.",1,2026-05-04T17:28:30+02:00,"Calle Duquesa 51, 2ºB, 18011 Granada","37.187842, -3.595030 - Frente al supermercado"
Ana,Muñoz Cano,75417887J,659410716,ana.munoz.cano@hotmail.es,Otros,"Escombros y residuos de obra acumulados en acera de Calle Ángel Ganivet sin permiso, obstaculiza el paso.",2,2026-05-04T18:46:02+02:00,"Plaza de Mariana Pineda 107, 2ºD, 18002 Granada","37.174525, -3.613808 - Junto al colegio"
Juan,Castro Ramírez,16121610J,611299293,jcastro841@gmail.com,Otros,"Olor intenso a gas en zona de Calle Reina Sofía, residentes temen fuga. Se detecta leve silbido en area de tuberias.",5,2026-05-04T21:50:18+02:00,"Calle Profesor Emilio Orozco 48, 5ºB, 18015 Granada","37.187174, -3.578785 - Frente a la iglesia"
Andrés,Garrido Álvarez,77090717F,997027943,andres.garrido15@gmail.com,Parques y Jardines,"En la plaza de Santa Ana, hay un banco junto a la fuente con varios tornillos sueltos en sus soportes metálicos. Viendo que es peligroso para la gente.",2,2026-05-04T22:26:40+02:00,"Paseo de los Tristes 42, 4ºC, 18009 Granada","37.169883, -3.602252 - Junto al colegio"
Paula,Romero Guerrero,38276479V,972711830,promero26@gmail.com,Parques y Jardines,Los aspersores del parque Frederico García Lorca no funcionan desde hace dias. Las macetas decorativas estan totalmente secas y las flores se estan muriendo.,3,2026-05-05T01:23:58+02:00,"Calle Zacatín 9, 3ºD, 18008 Granada","37.198304, -3.611318 - En la acera izquierda"
Fernando,Sanz Ramírez,48969240D,785406249,fsanz983@gmail.com,Parques y Jardines,"Una rama grande del pino canario en el paseo del Salón está a punto de romperse, cuelga desde bastante altura sobre donde pasan los peatones. Es una amenaza constant.",4,2026-05-05T01:27:43+02:00,"Carrera del Darro 95, Bajo B, 18007 Granada","37.174585, -3.597668 - Bajo la marquesina del autobús"
Teresa,Castro Vázquez,15616042P,696911434,teresa_castro97@gmail.com,Otros,"Plagas de hormigas en fachada de edificio publico, invasión observable en grietas y rebabas de material, no hay urgencia sanitaria extrema.",2,2026-05-05T15:51:19+02:00,"Calle Recogidas 91, 1ºA, 18014 Granada","37.197018, -3.605256 - Bajo la marquesina del autobús"
Pablo,Blanco Martínez,55653170R,681428050,pblanco506@outlook.es,Parques y Jardines,El grama del parque Genil no se ha cortado en un mes. Alcanza ya la altura de las rodillas en muchas areas del lugar.,1,2026-05-05T18:00:17+02:00,"Calle Alcaicería 28, 1ºD, 18015 Granada","37.180341, -3.595499 - Junto a la fuente"
Amparo,Flores Iglesias,73351418W,678036765,aflores843@gmail.com,Limpieza,El contenedor marron en la Avenida Andaluces esta rebosando de materia organica. Las bolsas sobresalen por arriba y hay liquidos filtrándose hacia la acera.,2,2026-05-05T19:22:16+02:00,"Calle Alcaicería 99, 1ºB, 18001 Granada","37.199423, -3.586856 - Junto a la fuente"
Esperanza,Serrano Ramos,33926942X,931481626,esperanza.serrano415@outlook.es,Alumbrado Público,Hay 3 farolas apagadas en la Avenida Fuente Nueva entre numeros 12 y 24. Deja un tramo sin iluminacion adecuada.,3,2026-05-05T20:33:37+02:00,"Camino de Ronda 5, 2ºC, 18005 Granada","37.187820, -3.583800 - Junto al colegio"
Irene,Flores Delgado,24166552S,949454462,irene_flores88@hotmail.com,Movilidad,Dos baches juntos en Avenida de Andalucia que forman una depresion. Los ciclistas tienen problemas para pasar sin caerse.,2,2026-05-05T22:51:42+02:00,"Acera del Darro 96, 4ºC, 18007 Granada","37.185857, -3.603629 - Junto al centro de salud"
Alicia,Torres Garrido,26152175W,638660232,alicia.torres846@gmail.com,Alumbrado Público,Alambres y cables electricos cuelgan peligrosamente desde la farola en Calle Alhacaba. Estan completamente expuestos y rotos.,5,2026-05-06T03:20:43+02:00,"Paseo de los Tristes 119, Bajo A, 18008 Granada","37.188276, -3.592920 - Junto al colegio"
Luis,Ortiz Gil,88684693M,623031124,luis.ortiz971@hotmail.com,Alumbrado Público,"La farola de la esquina entre Calle Azacayas y Gran Vía está muy tenue, apenas ilumina. Se ve bien durante el día pero de noche no funciona correctamente.",1,2026-05-06T06:28:22+02:00,"Carrera del Darro 65, 3ºC, 18001 Granada","37.156507, -3.608101 - Bajo la marquesina del autobús"
Silvia,Hernández Prieto,86826942X,744465324,silvia.hernandez522@gmail.com,Mobiliario Urbano,"Bolardo metálico en calle Navas arrancado de raíz, dejando un hueco profundo donde la gente puede tropezar. Ya ha habido un accidente menor.",4,2026-05-06T10:29:50+02:00,"Calle San Antón 110, 3ºA, 18007 Granada","37.198328, -3.583216 - Junto al centro de salud"
Ramón,Alonso Garrido,98149054G,718338895,ramon.alonso.garrido@outlook.es,Mobiliario Urbano,"Estructura de señalética metálica en Paseo del Violon suelta y tambaleandose con el viento, emite ruidos metalicos y podria caer sobre transeuntes.",5,2026-05-06T11:49:26+02:00,"Calle Reyes Católicos 51, 1ºD, 18010 Granada","37.169818, -3.579739 - En la acera derecha"
Pilar,Ramírez Gutiérrez,54950521W,757259552,pilar_ramirez80@yahoo.es,Alumbrado Público,Farola fundida en Plazeta del Humilladero. Hay otras dos funcionando en la plaza pero esta está totalmente negra.,2,2026-05-06T12:08:45+02:00,"Calle Duquesa 76, Bajo A, 18002 Granada","37.162462, -3.592829 - Junto al colegio"
Beatriz,Rubio Castro,77341918W,627339461,beatriz.rubio690@outlook.es,Limpieza,Ha havido un derrame de pintura roja cerca del Colegio Público Virgen del Carmen en la Calle Recogidas. Parece ser una sustancia toxica o peligrosa que hay derramada en varios metros cuadrados justo a la salida de la escuela donde pasan los niños.,5,2026-05-06T13:11:37+02:00,"Paseo del Salón 95, 4ºC, 18006 Granada","37.160176, -3.600780 - Junto al centro de salud"
Andrés,Domínguez Ramos,13645486T,683834780,andres_dominguez66@hotmail.es,Movilidad,Semaforo inteligente en Avenida Primo de Rivera con luz intermitente defectuosa. Enciende y apaga sin patron claro.,3,2026-05-06T19:03:46+02:00,"Calle Profesor Emilio Orozco 119, 2ºC, 18006 Granada","37.166377, -3.603802 - Junto al colegio"
Alicia,Díaz Ruiz,37606006V,990946343,adiaz244@live.com,Limpieza,"Envoltorios de comida rápida esparcidos frente al Burger King de la Calle Acera del Darro. Solo algunos papeles y servilletas en la acera, nada grave.",1,2026-05-06T23:01:41+02:00,"Paseo del Salón 18, 3ºC, 18008 Granada","37.175628, -3.586793 - Frente al portal 60"
Carmen,Delgado Martínez,33415071G,641960326,carmen.delgado.martinez@hotmail.es,Limpieza,"Basura acumulada hace aproximadamente 5 dias en el barrio del Albaicín, calle Agua de Albarrada. Hay residuos diversos, bolsas rotas y materiales que estan empezando a atraer insectos y malos olores.",3,2026-05-07T01:16:37+02:00,"Calle Real de Cartuja 85, 3ºB, 18011 Granada","37.163508, -3.614479 - En la rotonda"
José,Cortés Romero,63069361A,988937446,jcortes990@hotmail.com,Alumbrado Público,Tres farolas consecutivas en la Calle Cárcel Baja están apagadas. Los vecinos tienen que pasar por ahi de noche y es muy peligroso caminar sin luz.,3,2026-05-07T05:13:21+02:00,"Calle Neptuno 36, 4ºA, 18009 Granada","37.159749, -3.584314 - Frente a la farmacia"
Daniel,Garrido Domínguez,15099618A,652850107,daniel_garrido89@hotmail.com,Mobiliario Urbano,"Papelera en avenida de la Constitucion abollada profundamente en un lado, aspecto muy deteriorado pero funcional.",1,2026-05-07T06:30:06+02:00,"Calle Navas 56, 4ºA, 18011 Granada","37.186206, -3.580569 - Frente a la iglesia"
José,Díaz Romero,15639613G,618816325,jose.diaz.romero@gmail.com,Alumbrado Público,La calle Navas está completamente a oscuras entre la Calle Zacatín y la Calle Reyes Católicos. Todas las farolas del tramo no funcionan.,4,2026-05-07T12:15:00+02:00,"Calle Gracia 54, 1ºB, 18008 Granada","37.177442, -3.619616 - Frente al portal 68"
Fernando,Ortiz Rodríguez,31970500V,785581811,fernandoortiz35@hotmail.com,Otros,"Vandalismo en semáforos peatonales en Calle Priores: destrozos en cristales de mecanismo, no funciona correctamente.",3,2026-05-07T17:17:54+02:00,"Calle Navas 9, Ático, 18015 Granada","37.174719, -3.593676 - A la altura del número 36"
María,Prieto Delgado,48418817E,674149048,maria.prieto.delgado@gmail.com,Parques y Jardines,Hace 10 días que el sistema de riego por goteo de los rosales del jardin del Triunfo dejó de funcionar. Las rosas se están perdiendo por falta de agua.,3,2026-05-08T06:41:16+02:00,"Paseo del Salón 56, 3ºA, 18004 Granada","37.169206, -3.605195 - Junto a la parada de autobús"
Cristina,Torres Martínez,37114981L,645188696,cristinatorres744@gmail.com,Parques y Jardines,Un banco en el parque Nueva Granada tiene un asiento partido por la mitad y los fragmentos sobresalen. Es un riesgo para quien se siente.,2,2026-05-08T09:37:51+02:00,"Calle Mesones 69, 3ºA, 18012 Granada","37.166867, -3.571943 - Junto al quiosco de prensa"
Elena,Serrano Alonso,16544174K,614718991,elena.serrano.alonso@outlook.es,Alumbrado Público,Cable eléctrico colgando peligrosamente cerca de una farola en la Calle Ángel Ganivet. El aislamiento está deteriorado y se ve el cobre.,5,2026-05-08T13:14:02+02:00,"Paseo de la Bomba 72, 2ºA, 18013 Granada","37.160733, -3.577636 - Frente al supermercado"
Amparo,Rodríguez González,37899107Y,673247518,amparo.rodriguez.gonzalez@hotmail.es,Alumbrado Público,"Farola con iluminacion muy debil en Calle Tablas, casi no se ve nada. Necesita limpieza o reparacion urgente.",1,2026-05-08T21:51:29+02:00,"Paseo del Salón 38, 1ºD, 18008 Granada","37.166253, -3.585942 - A la altura del número 11"
Pilar,Rivera Jiménez,60689040K,738491517,privera83@hotmail.es,Movilidad,Semaforo en el cruce de Plaza del Carmen completamente sin luz ni señal. El trafico esta descontrolado y hay atascos permanentes.,4,2026-05-09T02:36:59+02:00,"Calle Tablas 40, 4ºC, 18012 Granada","37.175855, -3.618785 - Junto al centro de salud"
Andrés,Flores Díaz,39944312M,686521394,andres.flores726@yahoo.es,Movilidad,"Hundimiento catastrofico en Paseo del Salon, se ha abierto un agujero de mas de un metro. Esta cortada la vía de circulacion.",5,2026-05-09T03:07:10+02:00,"Paseo de los Tristes 7, 6ºA, 18012 Granada","37.172930, -3.573580 - Frente a la iglesia"
Lucía,Núñez Marín,28710329G,760171038,lucianunez667@hotmail.es,Alumbrado Público,"Farola quemada en la Avenida de la Paz, pero hay otras farolas cerca que iluminan bien la zona. No es prioritario.",2,2026-05-09T03:47:34+02:00,"Avenida de la Constitución 79, 3ºA, 18001 Granada","37.194733, -3.591905 - Frente al portal 44"
Josefa,Calvo Delgado,62838750J,998933493,josefa.calvo495@outlook.es,Limpieza,"Contenedor de vidrio en la Plaza Santa Ana casi lleno, con botellas rompidas alrededor de la base. Presenta algunos restos derramados pero sigue siendo funcional.",2,2026-05-09T07:59:41+02:00,"Acera del Darro 110, 4ºB, 18003 Granada","37.174597, -3.614264 - En la acera izquierda"
Andrés,Herrera Núñez,12856780X,783823067,andres.herrera797@gmail.com,Limpieza,"Vertido de liquido desconocido (posiblemente gasolina o disolvente) en la Calle Oficios, cerca del taller mecanico. El olor es fuerte y el liquido esta esparcido sobre la via publica representando un riesgo de deslizamiento.",4,2026-05-09T11:25:45+02:00,"Calle Elvira 69, 1ºA, 18011 Granada","37.177819, -3.583817 - Junto a la fuente"
Andrea,Gutiérrez Blanco,98476706K,967715912,andrea_gutierrez10@outlook.es,Mobiliario Urbano,"Tres bancos seguidos en paseo de la Bomba con la pintura completamente descascarillada, madera vista en muchos puntos, falta mantenimiento.",2,2026-05-09T14:13:21+02:00,"Plaza de Mariana Pineda 93, 3ºB, 18015 Granada","37.185681, -3.608433 - Frente a la farmacia"
Ana,Serrano Rubio,87214899A,613678646,ana_serrano61@outlook.es,Alumbrado Público,Dos farolas consecutivas en Calle San Antón están apagadas. La iluminación es insuficiente para los peatones.,3,2026-05-09T19:02:38+02:00,"Carrera del Darro 67, 5ºA, 18005 Granada","37.164953, -3.571030 - Junto a la fuente"
Carmen,Torres Ruiz,89814201Y,726760142,carmentorres462@hotmail.com,Movilidad,"La señal de stop en la esquina de Calle Recogidas con Calle Ángel Ganivet está completamente desgastada, no se ve el texto pero aún se distingue la forma del octágono rojo.",1,2026-05-09T20:19:48+02:00,"Paseo de los Tristes 78, 5ºA, 18008 Granada","37.167498, -3.596186 - En la esquina con Calle Mesones"
Miguel,Moya Muñoz,30811806V,940476765,miguel.moya.munoz@hotmail.es,Movilidad,"Hay un socavón de casi un metro de profundidad en la Avenida Constitución, justo donde pasan los autobuses. Esto es un peligro enorme, necesita reparacion urgente.",5,2026-05-09T21:48:03+02:00,"Calle Arabial 85, 1ºB, 18007 Granada","37.166395, -3.607669 - Frente al supermercado"
Sara,Delgado Castillo,67718171F,687285090,sara.delgado838@gmail.com,Limpieza,Papeles de periodicos viejos y cartones sueltos en la Calle Nueva de San Antón. Solo una acumulacion minima y superficial en los márgenes de la acera.,1,2026-05-10T03:42:46+02:00,"Calle Duquesa 50, 1ºB, 18001 Granada","37.156876, -3.579874 - En la esquina con Calle Pedro Antonio de Alarcón"
Rosa,Navarro Guerrero,53071795P,969234845,rosa.navarro.guerrero@outlook.es,Movilidad,"La pintura de las líneas blancas en la Calle Príncipes está casi invisible, la gente no sabe bien donde estacionar y se mete en prohibidas.",1,2026-05-10T10:13:34+02:00,"Calle Real de Cartuja 62, 2ºD, 18005 Granada","37.161083, -3.581471 - Junto al quiosco de prensa"
Isabel,Herrera González,77629447P,668382875,isabel_herrera52@outlook.es,Alumbrado Público,Toda la Calle Almona está sin iluminación. No se puede ver donde pisas y es zona de tránsito peatonal constante.,4,2026-05-10T17:27:27+02:00,"Paseo de los Tristes 57, 3ºB, 18011 Granada","37.174821, -3.592521 - Junto al parque infantil"
Ramón,Vázquez Díaz,14873340E,689925975,ramon.vazquez.diaz@live.com,Alumbrado Público,Cable de la red eléctrica caido sobre la acera en Calle Recogidas. Hay riesgo de electrocusión para los vecinos.,5,2026-05-10T18:47:51+02:00,"Acera del Darro 113, 1ºA, 18010 Granada","37.172913, -3.615041 - En la rotonda"
Diego,Castro García,30451438J,957087522,dcastro485@gmail.com,Alumbrado Público,La farola de la Plazeta de Santa Ana tiene la luz muy tenue y parpadea constantemente. Es un poco molesto pero funciona.,1,2026-05-10T20:50:08+02:00,"Calle Tinajilla 102, 3ºA, 18005 Granada","37.158331, -3.617000 - En la acera derecha"
Elena,Sanz León,57266698X,748078307,esanz713@gmail.com,Alumbrado Público,"Una farola fundida en Calle Caldería Vieja. El tramo tiene varias mas que funcionan correctamente, así que la visibilidad es aceptable.",2,2026-05-11T00:06:06+02:00,"Calle Alcaicería 14, 3ºB, 18001 Granada","37.190750, -3.602916 - En la mediana de la avenida"
Vicente,Molina Ruiz,69761505K,985207053,vicente.molina145@gmail.com,Parques y Jardines,En el parque de los Azahares hay una rama gruesa que amenaza con caer sobre la zona de juegos infantiles. Cuelga solo parcialmente del tronco.,4,2026-05-11T18:58:13+02:00,"Calle Alcaicería 98, 3ºD, 18015 Granada","37.175816, -3.585050 - Junto al paso de peatones"
Alejandro,Muñoz Moya,67529896X,697550193,alejandro.munoz993@live.com,Parques y Jardines,"El pasto del jardín de la Universidad está muy crecido por falta de mantenimiento. Pero no presenta peligro inmediato, solo falta estética.",1,2026-05-11T19:55:36+02:00,"Calle Doctor Olóriz 74, 4ºA, 18014 Granada","37.186978, -3.599192 - Junto al quiosco de prensa"
Óscar,Álvarez Vázquez,86270611A,784136972,oalvarez501@yahoo.es,Limpieza,"Derrame quimico en la puerta del Colegio Infantil Los Girasoles en la Calle Santa Justa. Sustancia blanca que no se ha identificado bien, potencialmente peligrosa para los menores que acceden al colegio diariamente.",5,2026-05-12T02:51:18+02:00,"Calle Alcaicería 108, Bajo A, 18013 Granada","37.187246, -3.581238 - En la acera derecha"
Vicente,Jiménez Flores,68493595D,952345032,vicente_jimenez56@yahoo.es,Alumbrado Público,Cuatro farolas apagadas en el Paseo de los Martires entre dos cruzamientos. Los ciclistas y peatones estan en riesgo.,3,2026-05-12T03:36:06+02:00,"Carrera del Darro 4, 3ºB, 18010 Granada","37.197530, -3.571132 - Junto al parque infantil"
David,Muñoz Muñoz,58165032X,947010216,davidmunoz183@live.com,Movilidad,"El semaforo en el cruce de la Avenida de la Paz con Camino de Ronda lleva dos días apagado completamente. Los coches pasan sin control, es un cruce muy transitado.",4,2026-05-12T11:53:46+02:00,"Calle Alcaicería 72, 4ºC, 18002 Granada","37.155661, -3.599098 - Junto al quiosco de prensa"
Ana,Navarro Vázquez,41173682W,694640140,ana.navarro912@outlook.es,Limpieza,"El contenedor en la Avenida de la Constitución lleno practicamente hasta rebosar, con algunas bolsas colgando de los lados. La recogida debe haber sido omitida en esta ocasion.",2,2026-05-12T13:30:47+02:00,"Calle Ángel Ganivet 54, 3ºC, 18008 Granada","37.174370, -3.602127 - Cerca del cruce con Calle Doctor Olóriz"
Álvaro,Medina Cano,42670989D,954561171,amedina502@gmail.com,Limpieza,"Acumulacion de residuos hace 6 dias en el Pasaje de la Paz, barrio de Ronda. Incluye muebles viejos, bolsas con desperdicios organicos, y materiales variados que ya generan mal olor e insectos visibles.",3,2026-05-13T07:53:30+02:00,"Calle Profesor Emilio Orozco 26, 1ºC, 18015 Granada","37.178474, -3.586602 - Frente a la farmacia"
Cristina,Flores Serrano,66935011C,959135571,cristinaflores409@yahoo.es,Limpieza,"Bolsas de plastico y envoltorios diversos esparcidos por la acera frente a los comercios de la Calle Zacatin. Residuos minimos, sin urgencia aparente, solo requiere barrido periodico.",1,2026-05-13T10:43:27+02:00,"Calle Recogidas 108, 3ºC, 18010 Granada","37.169860, -3.574541 - Bajo la marquesina del autobús"
Laura,Navarro Rivera,79604343D,690965401,laura_navarro98@hotmail.com,Alumbrado Público,"La calle Alcaicería completa está a oscuras. Ni una sola farola funciona en todo el tramo, es sumamente peligroso.",4,2026-05-13T10:59:56+02:00,"Calle Obispo Hurtado 43, 1ºA, 18013 Granada","37.170100, -3.601781 - A la altura del número 56"
Jorge,Ramírez Rodríguez,99279481G,936203764,jorgeramirez155@hotmail.com,Alumbrado Público,Cable electrico dañado y expuesto colgando de una farola en Plaza Bib-Rambla. Hay niños jugando en la zona y es muy peligroso.,5,2026-05-13T11:42:06+02:00,"Plaza de Mariana Pineda 37, 5ºA, 18006 Granada","37.190519, -3.590985 - En la acera derecha"
Beatriz,Ruiz Vázquez,25061933Y,796249945,beatriz_ruiz50@yahoo.es,Mobiliario Urbano,"Marquesina del trasporte urbano en calle Recogidas, cristal frontal agrietado en varias lineas, se ve comprometida la integridad estructural.",3,2026-05-13T12:04:10+02:00,"Calle San Antón 9, 1ºC, 18010 Granada","37.161294, -3.578314 - Junto a la fuente"
Javier,Cortés Delgado,27131977G,774297395,javiercortes387@gmail.com,Mobiliario Urbano,"Bolardo roto en plaza Isabela la Catòlica, la mitad arrancada deixa un cilindro metalico punzante muy peligroso para niños y ciclistas.",4,2026-05-13T12:44:53+02:00,"Calle Tablas 14, 5ºA, 18008 Granada","37.185359, -3.582944 - Frente al supermercado"
Cristina,Vázquez Serrano,66833996K,913288026,cristina.vazquez.serrano@gmail.com,Movilidad,En la Ronda Sur hay varios baches pequeños pero molestos que han aparecido tras las ultimas lluvias. Los conductores tienen que esquivarlos.,2,2026-05-14T08:50:42+02:00,"Calle San Antón 79, 2ºD, 18015 Granada","37.179025, -3.590889 - Junto al colegio"
Óscar,Castro Ruiz,70288033X,687230576,oscar_castro29@gmail.com,Mobiliario Urbano,"Lampara de alumbrado publico en calle Elvira colgando de forma insegura, la estructura esta suelta y se balancea, riesgo de caida inminente.",5,2026-05-14T14:47:48+02:00,"Paseo de los Tristes 27, Bajo B, 18014 Granada","37.181615, -3.615770 - Junto a la parada de autobús"
Francisco,Blanco Cano,98414873N,967265851,francisco.blanco564@hotmail.es,Movilidad,"El semaforo peatonal en la Avenida de la República Arabe Unida está intermitente, parpadea cada 5 segundos y la gente no sabe si cruzar o no.",3,2026-05-15T14:55:52+02:00,"Paseo del Salón 65, Bajo B, 18011 Granada","37.159731, -3.580789 - Junto al parque infantil"
Cristina,Ortiz Sanz,21128870N,975335900,cortiz81@gmail.com,Alumbrado Público,"Farola con luz muy débil en Calle Escoriaza. Se ve algo pero barely, podría limpiarse la bombilla o el cristal.",1,2026-05-15T16:48:22+02:00,"Acera del Darro 5, Bajo A, 18013 Granada","37.159816, -3.605157 - Frente al portal 2"
Inés,Castillo Sánchez,50786538P,793687938,ines_castillo84@gmail.com,Limpieza,Vertido de aguas residuales o sucias en la Calle Santa Escolastica. El liquido oscuro y con olor desagradable esta sobre la calzada y crea riesgo tanto para peatones como para automoviles circulando por la zona.,4,2026-05-16T02:20:40+02:00,"Calle Alcaicería 72, 1ºD, 18006 Granada","37.157551, -3.623460 - Junto a la fuente"
Daniel,Rodríguez Castro,88308678V,941930004,daniel_rodriguez36@outlook.es,Parques y Jardines,El riego automático del cantero frente a la alcaldia se haber dañado. Las flores de temporada se estan secando sin remedio y se perderá toda la siembra.,3,2026-05-16T04:18:33+02:00,"Calle Gracia 34, 1ºA, 18002 Granada","37.182237, -3.570421 - Junto a la fuente"
Enrique,Jiménez Cano,76210182G,682618738,enrique.jimenez492@gmail.com,Movilidad,"La señalización de direccion permitidas en la Calle Santa Isabel está gastada y confunde a los conductores, muchos terminan en sentido prohibido.",2,2026-05-16T10:01:12+02:00,"Avenida de Cervantes 10, 2ºB, 18004 Granada","37.180689, -3.587476 - Junto al centro de salud"
Laura,Calvo Prieto,48598238C,638377627,laura.calvo988@hotmail.com,Parques y Jardines,"Hace tres dias qu el arco caio completamente en el parque del Templete, bloqueando la única entrada al area de juegos. Nadie puede entrar sin la interferencia municipal.",5,2026-05-16T10:32:26+02:00,"Carrera del Darro 51, 3ºA, 18009 Granada","37.173485, -3.574632 - Junto al quiosco de prensa"
Raquel,Sánchez Sanz,78116692K,988101136,raquel.sanchez637@yahoo.es,Limpieza,"Basura dispersa hace varios dias en la esquina de Calle Alhacaba y Gran Vía. Bolsas abiertas, latas, residuos de comida descomponiéndose, y materiales que atraen fauna urbana no deseada.",3,2026-05-16T17:18:31+02:00,"Calle Puentezuelas 27, 2ºB, 18011 Granada","37.191794, -3.598846 - En la acera derecha"
Elena,Iglesias Navarro,22107196X,776915399,eiglesias598@hotmail.es,Limpieza,"Contenedor para envases en la Calle Ribera del Genil practicamente lleno, con botellas y latas apiladas de forma inestable en la parte superior. Necesita vaciado proximo.",2,2026-05-16T20:32:14+02:00,"Calle Reyes Católicos 70, 3ºA, 18001 Granada","37.169553, -3.623375 - Junto al parque infantil"
Carmen,Gallego Cortés,21514286V,672215119,carmengallego105@live.com,Parques y Jardines,Varios listones del respaldo de los bancos en la plaza del Realejo están sueltos y se mueven excesivamente. Solo es cuestión de tiempo para que se partan completamente.,2,2026-05-16T20:35:31+02:00,"Gran Vía de Colón 49, 4ºB, 18008 Granada","37.182961, -3.618222 - En la rotonda"
José,Moya Marín,46128440P,923024357,jose.moya.marin@gmail.com,Parques y Jardines,La hierba del promenade de la Avenida del Ejercito lleva semanas sin atención. Ya supera los 20 centimetros de altura en toda la extension del sector norte.,1,2026-05-16T22:39:00+02:00,"Calle Arabial 41, 5ºB, 18011 Granada","37.167126, -3.572111 - Frente al portal 54"
Pedro,Garrido Delgado,44998962Z,712426205,pedrogarrido533@gmail.com,Parques y Jardines,"En el jardin de la Paz, dos ramas del cedro estan parcialmente rotas y cuelgan peligrosamente sobre el banco de descanso donde suelen sentarse los abuelos.",4,2026-05-16T23:36:36+02:00,"Calle Severo Ochoa 71, 4ºC, 18007 Granada","37.192070, -3.570500 - En la esquina con Calle Molinos"
Patricia,Romero Marín,82953247K,920416802,patricia_romero18@gmail.com,Limpieza,Derrame de sustancia toxica sin identificar junto a la puerta principal de la Escuela Secundaria Obligatoria Virgen de las Angustias en la Avenida de Madrid. Olor quimico importante y potencial peligro para los alumnos que acceden a diario al centro educativo.,5,2026-05-17T10:10:53+02:00,"Calle Neptuno 54, 1ºD, 18009 Granada","37.188895, -3.574789 - En la acera derecha"
Dolores,Molina García,27888115V,736957927,dolores.molina378@outlook.es,Alumbrado Público,Una farola rota en Camino de Ronda. Hay otras luces en la zona pero esta no funciona.,2,2026-05-17T10:19:35+02:00,"Calle Neptuno 42, Ático, 18011 Granada","37.180872, -3.609448 - Junto al quiosco de prensa"
Diego,Delgado Gallego,17034276Q,635918957,diego.delgado231@hotmail.com,Movilidad,"Hay un bache bastante grande (unos 80 cm) en la Calle Tablas, cerca del barrio del Realejo. Ya ha dañado varios vehiculos y hace ruido cuando pasan.",3,2026-05-17T10:49:53+02:00,"Calle Obispo Hurtado 120, 5ºA, 18015 Granada","37.170302, -3.602998 - Junto al quiosco de prensa"
Daniel,Muñoz Serrano,75426550M,712899449,daniel.munoz.serrano@live.com,Movilidad,"La señal de velocidad máxima en la entrada de la Avenida de Andaluces no se ve bien, las letras estan muy desgastadas, apenas se distingue el número.",1,2026-05-17T14:15:16+02:00,"Calle Gracia 42, Ático, 18010 Granada","37.157070, -3.612577 - Junto al centro de salud"
Jorge,Cortés Ramos,83062986G,662972537,jorge.cortes481@outlook.es,Limpieza,"Papeles de periodicos y plasticos dispersos en la acera de la Carrera del Darro, cerca del puente, desde hace dos dias. Se ve poco estetico.",1,2026-05-18T02:38:20+02:00,"Carrera del Darro 72, 6ºA, 18006 Granada","37.178385, -3.597832 - Junto al quiosco de prensa"
Cristina,Hernández Rubio,84263200D,623944399,cristinahernandez211@gmail.com,Alumbrado Público,Tres farolas apagadas en Calle Elvira entre Plazeta Loreto y la Plaza del Ayuntamiento. Zona de mucho transit a las noches.,3,2026-05-18T06:51:52+02:00,"Calle Recogidas 97, 2ºA, 18013 Granada","37.157867, -3.613286 - Cerca del cruce con Calle Profesor Emilio Orozco"
Josefa,Calvo González,27779322Z,770027229,josefa_calvo45@outlook.es,Movilidad,El semaforo principal en la Avenida Gran Capitán está completamente apagado desde hace tres días. Es una interseccion critica con mucho trafico peatonal y vehicular.,4,2026-05-18T07:57:09+02:00,"Avenida de Dílar 22, 2ºD, 18006 Granada","37.191097, -3.608001 - Junto a la fuente"
Amparo,Delgado Marín,78783865X,675175515,amparo.delgado398@outlook.es,Limpieza,"El contenedor de reciclaje en Plaza Nueva está completamente lleno, los ciudadanos dejan bolsas alrededor. Hay mucha gente pasando.",2,2026-05-18T10:18:55+02:00,"Avenida de Cervantes 61, 2ºA, 18004 Granada","37.199479, -3.572669 - Junto al paso de peatones"
María,Rivera López,79693370A,912471023,maria.rivera928@yahoo.es,Movilidad,"En la Calle Huerta del Rasillo se han formado varios baches pequeños que afectan el paso de las bicicletas, aunque los coches apenas los notan.",2,2026-05-18T12:32:16+02:00,"Calle Pedro Antonio de Alarcón 104, 5ºB, 18011 Granada","37.171285, -3.594793 - En la mediana de la avenida"
María,Flores León,21926825M,929088354,maria.flores375@hotmail.es,Alumbrado Público,"Calle Atarazana entera sin iluminacion pública. Completamente a oscuras de noche, hay mucho riesgo de accidentes.",4,2026-05-18T15:06:35+02:00,"Carrera del Darro 13, 4ºB, 18013 Granada","37.169486, -3.622602 - En la acera derecha"
Rocío,Marín Jiménez,77334568N,737398760,rociomarin409@outlook.es,Movilidad,La señal de ceda el paso en la Calle Cartuja está tan desgastada que parece un triángulo blanco sin más información. Confunde a muchos conductores que no saben de que se trata.,1,2026-05-18T18:46:58+02:00,"Avenida de la Constitución 76, 1ºC, 18011 Granada","37.171362, -3.602063 - En la esquina con Calle Sierpe"
Cristina,Castillo Domínguez,82907053B,758930146,cristina.castillo.dominguez@gmail.com,Limpieza,Hay restos de comida y bolsas de basura acumuladas en el cruce de Calle Mesones con Calle Santa Escolastica desde el viernes pasado.,3,2026-05-18T20:24:27+02:00,"Avenida de la Constitución 57, 2ºC, 18015 Granada","37.192744, -3.575519 - Junto al parque infantil"
Isabel,Hernández García,15251334B,919735815,isabel.hernandez152@gmail.com,Limpieza,"Vertido de aceite de motor en la calle frente al taller mecanico de la Avenida del Estadio. El suelo está negro y resbaladizo, es peligroso para ciclistas.",4,2026-05-18T21:20:06+02:00,"Calle San Juan de Dios 65, 3ºA, 18012 Granada","37.175265, -3.570579 - Junto al paso de peatones"
David,Ramos Guerrero,14513541N,666189200,david_ramos12@gmail.com,Alumbrado Público,Cables electricos caidos en Calle Reyes Católicos cerca de la farola principal. El aislamiento está deshecho y presenta peligro de choque.,5,2026-05-18T22:53:10+02:00,"Carrera del Darro 10, 1ºD, 18014 Granada","37.194431, -3.612471 - Frente al supermercado"
Cristina,Navarro Gutiérrez,48707821P,697021388,cristina.navarro774@hotmail.com,Limpieza,Encontré bolsas con residuos quimicos en la papelera cerca del CEIP Los Mártires. Huele muy mal y preocupa la salud de los niños.,5,2026-05-19T07:36:15+02:00,"Calle Tinajilla 65, 5ºA, 18007 Granada","37.173825, -3.608096 - En la rotonda"
Ana,Iglesias Sanz,11530898D,671307988,ana.iglesias.sanz@gmail.com,Movilidad,"El semaforo de peatones en Plaza Nueva está intermitente hace una semana. No sabemos si van a repararlo pronto pero es peligroso, especialmente para ancianos y niños.",3,2026-05-19T13:41:56+02:00,"Plaza de Mariana Pineda 52, 1ºC, 18006 Granada","37.186941, -3.614442 - En la acera derecha"
Nuria,Prieto Sánchez,24508593T,660518961,nprieto421@gmail.com,Limpieza,Envoltorios de hamburguesa y servilletas esparcidas debajo del arbol enfrente de la Catedral.,1,2026-05-19T14:54:13+02:00,"Carrera del Darro 120, Ático, 18013 Granada","37.184044, -3.587129 - Frente al portal 5"
Carmen,Cano Romero,32272507B,671896486,carmen_cano38@yahoo.es,Alumbrado Público,"Farola en Calle Elvira con luz muy debil, hace dificil ver bien al atardecer. Lleva asi varias semanas, quisiera que alguien la revise.",1,2026-05-19T16:34:44+02:00,"Calle Real de Cartuja 74, 1ºB, 18003 Granada","37.184387, -3.599232 - Junto al parque infantil"
Pablo,López Rivera,71807253B,928285237,pablo.lopez.rivera@yahoo.es,Alumbrado Público,"El cable de alimentación de la farola en Plaza Nueva está completamente caído sobre la acera. Hay riesgo de electrocución, es muy peligroso.",5,2026-05-19T19:28:30+02:00,"Calle Obispo Hurtado 103, 3ºA, 18014 Granada","37.162213, -3.603262 - Junto al paso de peatones"
Daniel,Calvo Flores,32550808N,989975380,daniel.calvo.flores@hotmail.com,Mobiliario Urbano,"Papelera pegada a la puerta del ayuntamiento con múltiples abolladuras, parece que le han dado patadas varias veces.",1,2026-05-20T11:51:09+02:00,"Calle Duquesa 102, 1ºC, 18004 Granada","37.196123, -3.616654 - Junto a la parada de autobús"
Jorge,Prieto López,85853293C,777648025,jorgeprieto807@hotmail.es,Alumbrado Público,"Farola fundida en Calle Recogidas, pero hay varias mas en la zona, la iluminación no es problema.",2,2026-05-20T13:54:38+02:00,"Calle Alhamar 31, 1ºC, 18002 Granada","37.170515, -3.621824 - En la esquina con Calle Gonzalo Gallas"
Andrea,Ramírez Ruiz,89433350N,976108791,aramirez957@gmail.com,Alumbrado Público,Las cinco farolas entre la Calle San Jeronimo y Avenida los Martires estan todas apagadas. Es muy oscuro para los peatones por la noche.,3,2026-05-20T13:58:13+02:00,"Avenida de Madrid 81, 1ºD, 18006 Granada","37.169958, -3.612744 - Junto al centro de salud"
Paula,Núñez Romero,67514198K,931626511,paulanunez797@yahoo.es,Parques y Jardines,El sistema de irrigacion de los canteros del paseo de Ronda esta averiado hace una semana. Las plantas que plantaron hace poco estan perdiendo vitalidad rapidamente por deshidratacion.,3,2026-05-20T15:33:06+02:00,"Calle Zacatín 115, 2ºC, 18004 Granada","37.182309, -3.624364 - A la altura del número 8"
Francisco,Romero Gallego,52966606K,686144278,francisco.romero.gallego@hotmail.com,Movilidad,"Hay un socabon importante en la Calle Zacatín, casi un hueco de 1.5 metros. Los taxis y autobuses evitan esa zona, muy peligroso para motos.",5,2026-05-20T18:43:57+02:00,"Calle Navas 42, 3ºC, 18013 Granada","37.193587, -3.571454 - En la acera derecha"
Javier,Núñez Prieto,55418217Q,934186831,javiernunez909@gmail.com,Otros,"Aparcamiento ilegal de vehiculo en rampa de acceso para discapacitados en Calle Ronda, obstruye todo paso.",3,2026-05-21T00:51:12+02:00,"Calle Profesor Emilio Orozco 106, 2ºD, 18006 Granada","37.187082, -3.581899 - Junto al centro de salud"
Marta,Ruiz Martínez,99534065R,963894424,marta.ruiz.martinez@gmail.com,Alumbrado Público,"La calle Comercio completa está a oscuras, no hay ni una farola funcionando. Es imposible transitar sin riesgo.",4,2026-05-21T01:53:21+02:00,"Calle Puentezuelas 94, 4ºA, 18001 Granada","37.192328, -3.600650 - Junto a la parada de autobús"
Francisco,Cortés Marín,16982904A,625649251,franciscocortes641@hotmail.es,Limpieza,El contenedor gris de Calle Elvira está algo lleno y despide olor desagradable. La zona se ve descuidada.,2,2026-05-21T04:01:20+02:00,"Calle Gonzalo Gallas 35, 3ºA, 18006 Granada","37.182880, -3.622978 - Junto a la fuente"
Andrés,Hernández León,83958169G,694906305,andres.hernandez.leon@hotmail.com,Alumbrado Público,"Farola con parpadeo constante en Camino Sacromonte, la luz no es estable. Hay riesgo de quedarse sin iluminacion.",2,2026-05-21T05:41:09+02:00,"Avenida de Dílar 77, 2ºA, 18012 Granada","37.160959, -3.583656 - Junto al quiosco de prensa"
Luis,Rivera Garrido,28675972D,920330437,luisrivera70@outlook.es,Alumbrado Público,"Tres farolas consecutivas en Calle Navas estan apagadas, hace muy oscuro en ese tramo. Hay poca luz artificial.",3,2026-05-21T12:31:45+02:00,"Calle Alhamar 53, 3ºB, 18015 Granada","37.184295, -3.612995 - En la rotonda"
Alejandro,Núñez Hernández,39622282K,923312827,alejandro.nunez443@gmail.com,Limpieza,"Basura acumulada hace varios dias en el parque de las Ciencias, hay latas, botellas y plasticos por todas partes.",3,2026-05-21T15:01:10+02:00,"Calle Molinos 108, 1ºA, 18008 Granada","37.198048, -3.606721 - Junto al parque infantil"
Carlos,Cortés Cano,65945810A,997988915,carlos_cortes86@gmail.com,Limpieza,Vertido de liquido transparente con olor fuerte en la calzada frente a la tienda de pintura de Calle Reyes Católicos. Podria ser disolvente.,4,2026-05-21T17:32:30+02:00,"Calle Tinajilla 58, 4ºC, 18005 Granada","37.171237, -3.584869 - En la acera derecha"
Silvia,Díaz Muñoz,85421644N,656351607,sdiaz243@hotmail.com,Parques y Jardines,"El cesped del parque de la Fuente Nueva no se ha cortado en meses, esta muy alto y da mala imagen. Necesita una poda urgente.",1,2026-05-21T20:25:41+02:00,"Calle Sierpe 42, 4ºA, 18008 Granada","37.159276, -3.615550 - Junto al colegio"
Pedro,Gutiérrez Martínez,77699590R,974722870,pedrogutierrez773@hotmail.es,Alumbrado Público,"Cable suelto colgando de poste de alumbrado en Paseo del Salon. Peligroso, podria causar un accidente.",5,2026-05-21T22:55:02+02:00,"Calle Arabial 16, 3ºB, 18001 Granada","37.184027, -3.593641 - Junto al quiosco de prensa"
Pilar,Ramos Torres,41714815Z,632867337,pilar_ramos70@gmail.com,Limpieza,"Bidones con sustancias desconocidas encontrados detras del colegio Virgen del Carmen, el olor es muy toxico.",5,2026-05-22T01:18:06+02:00,"Plaza Bib-Rambla 40, 3ºA, 18002 Granada","37.160314, -3.603826 - Frente al supermercado"
Adrián,Molina Gallego,78490491R,675476944,adrian.molina962@gmail.com,Otros,"Pintura negra en toda la fachada monumental de edificio histórico en Plaza de la Catedral, vandalismo de gran escala. Requiere análise especializdo.",4,2026-05-22T08:43:39+02:00,"Calle Mesones 63, 4ºC, 18012 Granada","37.191874, -3.612407 - Frente a la farmacia"
Sergio,Rivera Prieto,44313733R,691427187,sergio.rivera.prieto@live.com,Limpieza,"Algunos papeles tirados al lado de la fuente de la Plaza Larga, nada grave solo molesta a la vista.",1,2026-05-22T20:57:48+02:00,"Calle Severo Ochoa 63, 4ºA, 18001 Granada","37.157564, -3.607067 - Frente al supermercado"
Marta,Blanco Molina,13018246Q,953605224,martablanco772@live.com,Limpieza,"El contenedor de orgánico en Calle Gracia está algo rebosante, pero aun cabe más basura. Hay palomas alrededor.",2,2026-05-22T22:36:01+02:00,"Calle Severo Ochoa 72, 5ºA, 18007 Granada","37.196639, -3.611683 - Junto al paso de peatones"
Patricia,Moya López,65527546V,941203873,patricia.moya320@gmail.com,Alumbrado Público,"Farola en Calle Reyes Católicos emite luz roja intermitente en lugar de blanca, algo mal funcionando internamente.",1,2026-05-23T04:52:51+02:00,"Calle Tinajilla 61, 2ºD, 18008 Granada","37.158398, -3.579986 - Frente a la iglesia"
Alicia,Blanco Díaz,66014555R,790482041,alicia.blanco808@outlook.es,Alumbrado Público,Toda la Avenida del Generalísimo sin iluminación publica. Necesita reparacion urgente por la seguridad de los ciudadanos.,4,2026-05-23T08:46:36+02:00,"Avenida de Dílar 13, 3ºD, 18006 Granada","37.185145, -3.587088 - En la mediana de la avenida"
David,Ramírez Gómez,81683632Y,920844880,davidramirez849@outlook.es,Parques y Jardines,"Banco junto a la entrada principal del Parque de los Mártires tiene un listón completamente suelto, es peligroso sentarse.",2,2026-05-23T18:12:55+02:00,"Calle Gracia 61, 3ºD, 18003 Granada","37.187360, -3.619933 - En la mediana de la avenida"
Alejandro,Castro Ramírez,68946617T,624721675,acastro665@hotmail.es,Alumbrado Público,"Farola fundida cerca del Mercado de San Agustín, pero hay otras cercanas que iluminan bien la zona.",2,2026-05-23T18:49:07+02:00,"Calle Zacatín 89, 2ºD, 18005 Granada","37.176336, -3.614420 - Cerca del cruce con Calle Navas"
Dolores,Rivera Rubio,50899623W,778802773,drivera789@gmail.com,Movilidad,"Las líneas de prohibido estacionar en la Avenida de los Mártires estan casi invisibles, la gente no respeta porque no las ve claramente.",1,2026-05-24T13:38:19+02:00,"Calle Alhamar 94, 2ºC, 18012 Granada","37.162855, -3.617864 - En la esquina con Avenida de la Constitución"
Amparo,Pérez Medina,84935461A,724401836,amparo.perez890@yahoo.es,Limpieza,Bolsas de basura acumuladas desde el miercoles en el callejon entre Calle Santa Ana y Calle Nueva. Atrae ratas y huele mal.,3,2026-05-24T14:21:31+02:00,"Calle Doctor Olóriz 99, 2ºD, 18013 Granada","37.177253, -3.617393 - Cerca del cruce con Calle San Antón"
Sergio,Gil Flores,40793056A,660110917,sgil674@yahoo.es,Alumbrado Público,"Las farolas de Calle Ángeles están todas apagadas en un tramo de aproximadamente 50 metros. No se ve nada por la noche, muy peligroso.",3,2026-05-24T15:21:44+02:00,"Plaza de Mariana Pineda 21, 3ºC, 18003 Granada","37.187529, -3.602413 - Junto al centro de salud"
Miguel,Delgado Gutiérrez,65151806M,786743826,miguel.delgado247@outlook.es,Mobiliario Urbano,"Banco de hierro en la plaza de la Universidad con toda la pintura desprendida, herrumbre visible en varias zonas, no se puede usar con ropa clara.",2,2026-05-24T18:37:34+02:00,"Camino de Ronda 58, 5ºA, 18012 Granada","37.167529, -3.575454 - Cerca del cruce con Calle Molinos"
Silvia,Calvo González,79625560C,699149101,silviacalvo641@gmail.com,Movilidad,En Calle Elvira hay un bache profundo de unos 40 centimetros que no se ha reparado en meses. Los ciclistas lo evitan pero es molesto.,2,2026-05-24T18:54:10+02:00,"Calle Recogidas 42, 2ºD, 18014 Granada","37.180486, -3.624199 - En la rotonda"
Inés,Calvo Díaz,93391815Q,658211671,ines_calvo69@outlook.es,Limpieza,Charco de aceite de vehiculo en la plaza de aparcamiento detras de la estacion de buses. Es bastante grande y resbaladiso.,4,2026-05-25T05:19:55+02:00,"Acera del Darro 4, 3ºB, 18013 Granada","37.196213, -3.575450 - Frente a la iglesia"
Andrea,Guerrero González,43809704V,935807965,aguerrero241@gmail.com,Limpieza,Encontre contenedores con residuos industriales peligrosos muy cerca del CEIP San Agustin. Podria haber intoxicacion si los niños tocan.,5,2026-05-25T08:59:45+02:00,"Gran Vía de Colón 15, 4ºC, 18015 Granada","37.179419, -3.584750 - Frente al supermercado"
Beatriz,López Rubio,83843228V,774527737,beatriz.lopez574@yahoo.es,Limpieza,Varias bolsas de plastic rotas en la base del arbol de la Plaza del Triunfo. Hay confeti también.,1,2026-05-25T09:37:01+02:00,"Plaza de Mariana Pineda 71, 2ºB, 18011 Granada","37.177468, -3.589103 - Junto al paso de peatones"
Dolores,León Calvo,20163722J,932719045,dolores.leon587@yahoo.es,Otros,Ruido ocasional de herramientas de construccion en horarios prohibidos a las 07:30 de la madrugada en Calle Anguila. Molesta a residentes.,2,2026-05-25T18:22:07+02:00,"Paseo de la Bomba 16, 4ºB, 18002 Granada","37.157987, -3.621468 - Frente a la iglesia"
Alejandro,González Álvarez,51193205N,662523467,alejandro.gonzalez.alvarez@hotmail.es,Alumbrado Público,"Cable de alta tensión rozando una farola en Calle Mesones, hay chispas ocasionales. Riesgo electrico inmediato.",5,2026-05-25T22:45:50+02:00,"Calle Reyes Católicos 103, 3ºC, 18010 Granada","37.181790, -3.575383 - En la mediana de la avenida"
David,Rodríguez Gil,27315936D,635089513,david_rodriguez30@gmail.com,Otros,"Fuga grave de agua en Avenida Constitucion, chorro continuo perdiendo volúmen importante, encharcamiento creciente en calzada.",4,2026-05-26T06:05:17+02:00,"Paseo de los Tristes 90, Bajo B, 18011 Granada","37.169984, -3.573858 - Frente a la farmacia"
Andrea,Rivera Calvo,78203147L,978800576,andrea.rivera.calvo@gmail.com,Alumbrado Público,"Farola con iluminacion reducida en Calle Montaña, la luz es muy tenue pero aún funciona. Podria ser mejor.",1,2026-05-26T13:21:56+02:00,"Calle Gracia 34, 2ºA, 18015 Granada","37.173042, -3.618303 - En la acera derecha"
María,Gil Prieto,34690016J,924012823,mariagil627@outlook.es,Alumbrado Público,"Dos farolas consecutivas fundidas en Camino de Ronda, las demas de la zona funcionan correctamente sin embargo.",2,2026-05-26T22:55:48+02:00,"Paseo de los Tristes 69, 4ºA, 18011 Granada","37.198184, -3.616429 - Junto a la parada de autobús"
Alicia,Ruiz Cortés,46353357P,983747697,alicia.ruiz.cortes@gmail.com,Limpieza,"El contenedor de la esquina de Calle Princesa está bastante lleno, seria bueno vaciarlo hoy pero no es urgente.",2,2026-05-26T22:56:46+02:00,"Calle Real de Cartuja 95, 5ºB, 18012 Granada","37.182704, -3.586582 - Junto a la fuente"
Óscar,Blanco Gallego,34451543G,997991039,oscar_blanco83@gmail.com,Limpieza,"Llevamos cuatro dias con basura sin recojer en el callejon de la Paz, esta atrayendo insectos y malos olores. Hay que actuar pronto.",3,2026-05-27T18:05:51+02:00,"Carrera del Darro 92, 3ºB, 18011 Granada","37.195480, -3.612705 - En la acera izquierda"
Pablo,Ortiz Calvo,66882855M,632381111,pablo_ortiz13@hotmail.es,Alumbrado Público,El tramo entre Calle Paz y Calle Princesa tiene cuatro farolas apagadas simultáneamente. Oscuridad total en ese punto de la ruta nocturna.,3,2026-05-28T01:29:02+02:00,"Calle Duquesa 7, Ático, 18011 Granada","37.168349, -3.577438 - En la acera derecha"
Luis,Núñez Rubio,75962141H,791695234,luisnunez802@hotmail.com,Movilidad,"El semaforo en el cruce de Avenida Fuentenueva con Camino del Sacromonte está apagado totalmente hace 4 dias. El trafico es caótico, muchos accidentes casi suceden.",4,2026-05-28T03:33:27+02:00,"Plaza de Mariana Pineda 104, 5ºA, 18007 Granada","37.184604, -3.577629 - A la altura del número 26"
Daniel,Gallego León,86487651S,947881582,danielgallego798@live.com,Movilidad,"La señal de peaton en la Calle Navas está desgastada pero se puede ver perfectamente, el dibujo y los colores aun están bien definidos.",1,2026-05-28T06:17:49+02:00,"Calle Zacatín 108, Bajo A, 18014 Granada","37.192408, -3.599897 - Junto al quiosco de prensa"
Javier,González López,68883933Z,927458574,jgonzalez170@gmail.com,Limpieza,Gran cantidad de gasolina derramada en la calle frente a la gasolinera del barrio de Albaycin. El peligro de incendio es real.,4,2026-05-28T06:22:01+02:00,"Calle Navas 7, 2ºD, 18011 Granada","37.186309, -3.623037 - Cerca del cruce con Plaza Bib-Rambla"
Luis,Rivera Díaz,48664398D,645255915,luisrivera248@live.com,Limpieza,Sustancias quimicas toxicas descargadas detras de la escuela de infantil los Peques. Es una amenaza inmediata para los menores.,5,2026-05-28T10:23:01+02:00,"Paseo del Salón 31, 5ºB, 18015 Granada","37.195665, -3.579313 - Junto al centro de salud"
Lucía,Núñez Gómez,51120609G,616737379,lucia.nunez785@hotmail.es,Alumbrado Público,"Cable electrico expuesto y pelado colgando del poste frente a Plaza Bib Rambla. Muy grave, hay riego de descarga.",5,2026-05-28T14:02:19+02:00,"Plaza Bib-Rambla 109, 2ºD, 18013 Granada","37.172836, -3.590387 - Junto a la parada de autobús"
Enrique,Rivera Ramírez,33294516S,668674313,enrique.rivera.ramirez@gmail.com,Limpieza,"Papeles de regalo y plasticos dispersos en la acera de la Calle Reyes Católicos, frente al café. Lleva 2 días así sin que limpien.",1,2026-05-28T14:44:49+02:00,"Calle Gracia 37, 6ºA, 18003 Granada","37.160559, -3.590881 - Junto al colegio"
Silvia,Jiménez Marín,24857913L,796877206,silvia_jimenez99@yahoo.es,Parques y Jardines,El sistema de riego automatico del Jardin Botanico no funciona desde hace una semana. Las plantas estan sufriendo sequedad visible.,3,2026-05-28T18:33:50+02:00,"Calle Arabial 75, 3ºC, 18005 Granada","37.173684, -3.609799 - Junto al parque infantil"
Beatriz,Guerrero Iglesias,74402789C,612354511,beatriz.guerrero.iglesias@yahoo.es,Otros,"Colonia de palomas anidando en cornisas de edificio abandonado en Sacromonte, acumulacion de guano y riesgo sanitario en zona residencial cercana.",3,2026-05-28T21:09:11+02:00,"Avenida de Madrid 73, 2ºD, 18004 Granada","37.175902, -3.597291 - Cerca del cruce con Calle Reyes Católicos"
David,Ortiz Flores,95754649Z,758488685,dortiz741@gmail.com,Alumbrado Público,"Farola en Calle Tablas con brillo muy bajo, apenas ilumina. Pero sigue emitiendo algo de luz todavia.",1,2026-05-29T05:11:36+02:00,"Calle Navas 28, 3ºB, 18001 Granada","37.163841, -3.591719 - Junto a la fuente"
Cristina,Sánchez Blanco,47898111J,676642170,cristina.sanchez103@live.com,Movilidad,"Hay varios baches medianos (30-50 cm) en la Ronda de Levante que aveces forman charcos. Es una zona escolar, muchos niños pasan por aquí caminando.",3,2026-05-29T06:53:05+02:00,"Avenida de Madrid 12, Bajo B, 18009 Granada","37.160377, -3.598616 - Cerca del cruce con Paseo de los Tristes"
Javier,Cano Delgado,27278113K,615990476,javier.cano.delgado@gmail.com,Limpieza,"El contenedor de reciclaje en Plaza Nueva está completamente lleno, los ciudadanos dejan bolsas al lado. Esto ha atraido palomas y huele mal.",2,2026-05-29T10:22:28+02:00,"Calle Alcaicería 71, 5ºA, 18013 Granada","37.183031, -3.592272 - Frente al portal 14"
Luis,García Núñez,89864557S,628117698,luis.garcia.nunez@hotmail.es,Limpieza,"Vertido de aceite de motor en la calle San Jerónimo, cerca del aparcamiento. Hay una mancha negra grande que resbaladiza y peligrosa para motocicletas.",4,2026-05-29T13:40:02+02:00,"Calle Ángel Ganivet 80, 3ºB, 18014 Granada","37.199744, -3.576226 - En la rotonda"
Rocío,Vázquez Moya,51182455A,666490714,rocio.vazquez.moya@gmail.com,Otros,Pintura en spray en fachada histórica de Calle Navas. La pintada es pequeña pero en zona monumental. Urgencia baja pero requiere limpieza.,1,2026-05-29T14:02:20+02:00,"Calle Ángel Ganivet 1, 2ºA, 18011 Granada","37.185871, -3.580176 - Al lado del contenedor de reciclaje"
Silvia,Navarro Guerrero,38760299D,612004992,silvia_navarro23@yahoo.es,Movilidad,"El semaforo peatonal en Puerta Real parpadea irregularmente, a veces rápido, a veces lento, nadie entiende cuando es seguro pasar. Necesita reparacion inmediata.",3,2026-05-29T14:09:21+02:00,"Calle Molinos 11, 3ºA, 18012 Granada","37.191208, -3.614718 - Cerca del cruce con Camino de Ronda"
Sergio,Moreno López,57845253T,721242427,sergio.moreno55@gmail.com,Limpieza,"Basura acumulada 4 dias en el barrio del Realejo: bolsas rotas, resto de comida, cajas dobladas sin recoger. Esto es un desastre sanitario q e insoportable.",3,2026-05-30T14:50:57+02:00,"Calle Navas 105, 5ºA, 18007 Granada","37.170205, -3.596053 - En la mediana de la avenida"
Paula,Iglesias Ruiz,41114297A,995645484,paulaiglesias485@hotmail.es,Mobiliario Urbano,"Marquesina en calle Mesones con cristal opaco y fracturado, apenas se ve a traves, la estructura del marco parece deformada.",3,2026-05-30T15:50:40+02:00,"Carrera del Darro 88, 2ºC, 18001 Granada","37.190120, -3.619942 - A la altura del número 23"
Iván,Castro Gutiérrez,75154238J,614701112,icastro794@yahoo.es,Limpieza,Envoltorios de comida rápida y botellas de plástico en la parada de autobús de la calle Elvira. Solo hay 3 o 4 cosas pero molesta.,1,2026-05-30T23:48:39+02:00,"Calle Elvira 112, 4ºC, 18010 Granada","37.192932, -3.578947 - Frente al portal 16"
Amparo,Martínez Guerrero,41297994E,910106434,amparomartinez471@gmail.com,Parques y Jardines,Rama gruesa del pino junto al camino principal del Parque de la Paz cuelga peligrosamente. Puede caer sobre los niños que juegan.,4,2026-05-31T01:13:17+02:00,"Camino de Ronda 109, 1ºB, 18010 Granada","37.179967, -3.570021 - Al lado del contenedor de reciclaje"
Álvaro,Rodríguez Álvarez,23215043Q,975652999,arodriguez511@hotmail.com,Alumbrado Público,"Farola fundida en Avenida de Colon, pero la iluminación general de la avenida es suficiente gracias a otras.",2,2026-05-31T05:33:12+02:00,"Paseo de los Tristes 53, 3ºD, 18011 Granada","37.170911, -3.573568 - Cerca del cruce con Paseo de la Bomba"
Beatriz,Torres Alonso,80882355A,972092154,beatriz.torres.alonso@yahoo.es,Parques y Jardines,Árbol de gran tamaño ha caído completamente en el Jardín del Triunfo y bloquea el camino principal. Es imposible pasar.,5,2026-05-31T08:11:57+02:00,"Calle Profesor Emilio Orozco 85, 4ºC, 18001 Granada","37.172968, -3.607027 - En la rotonda"
Ramón,Delgado Herrera,92432253Z,686015931,ramon_delgado98@gmail.com,Movilidad,"Señal de dirección prohibida en Av. Constitución completamente desgastada, apenas se ve el simbolo pero aun es legible.",1,2026-05-31T09:42:15+02:00,"Calle Real de Cartuja 55, 6ºA, 18009 Granada","37.196184, -3.607415 - Junto al colegio"
Elena,Herrera Garrido,83411041T,740688603,elenaherrera382@hotmail.es,Limpieza,"Contenedor de basura en Av. Constitución está rebosante, no ha sido vaciado en dias. La recogida no ha pasado por aqui.",2,2026-05-31T23:18:39+02:00,"Calle San Antón 62, 2ºC, 18010 Granada","37.157819, -3.608275 - En la esquina con Plaza Bib-Rambla"
Elena,Cano Alonso,88657756R,933599262,elena.cano419@gmail.com,Parques y Jardines,"La zona de cesped del Parque Federico García Lorca esta descuidada, con malas hierbas crecidas. Deberia haver una poda pronto.",1,2026-06-01T02:48:33+02:00,"Calle Alhamar 53, 4ºB, 18005 Granada","37.191271, -3.579024 - Junto al parque infantil"
Pilar,Iglesias Hernández,50063582B,922929058,pilar.iglesias.hernandez@yahoo.es,Parques y Jardines,Varios bancos en el Parque de la Paz tienen listones dañados y piezas sueltas. Estan en mal estado.,2,2026-06-01T17:48:32+02:00,"Calle Molinos 14, 1ºC, 18011 Granada","37.156516, -3.605303 - Cerca del cruce con Calle Obispo Hurtado"
Sofía,López Torres,33533816T,735921951,sofia.lopez.torres@outlook.es,Limpieza,"Posible vertido toxico cerca de la escuela infantil 'Los Girasoles' en barrio Zaidín. Sustancia química verdosa en el suelo, huele muy fuerte y raro. URGENTEE!!",5,2026-06-01T17:56:06+02:00,"Avenida de Dílar 26, 1ºB, 18007 Granada","37.193991, -3.599802 - Frente a la iglesia"
José,Castillo Pérez,34387189G,931941963,josecastillo505@gmail.com,Movilidad,"Bache de aproximadamente 30 cm en calle Zacatin, causa botes en los vehiculos. Necesita parche urgente.",2,2026-06-01T17:58:44+02:00,"Calle Zacatín 116, 3ºA, 18008 Granada","37.191430, -3.603454 - Al lado del contenedor de reciclaje"
Enrique,Pérez Romero,11716964M,948573735,enrique_perez72@hotmail.com,Mobiliario Urbano,"Bollardo en calle Anguilla completamente desprendido del hormigon, deja un agujero de 30 centimetros que es un peligro, hay niños en la zona.",4,2026-06-02T03:26:29+02:00,"Calle Real de Cartuja 69, 1ºC, 18005 Granada","37.173103, -3.589065 - Junto a la fuente"
Raquel,Moreno Flores,34203477Q,991831747,raquel.moreno.flores@outlook.es,Alumbrado Público,"Practicamente toda la Calle Grecia está sin luces funcionales, oscuridad completa. Peatones en peligro, necesita reparacion inmediata.",4,2026-06-02T05:26:45+02:00,"Calle Duquesa 104, 2ºD, 18010 Granada","37.196497, -3.584959 - Frente al portal 23"
José,Sánchez Moya,94280252D,696560053,jose.sanchez.moya@hotmail.es,Movilidad,"El semáforo en la esquina de Gran Vía con Calle Real está intermitente, parpadea cada 2 segundos generando confusión.",3,2026-06-02T09:37:42+02:00,"Calle Obispo Hurtado 63, Bajo B, 18014 Granada","37.182233, -3.621549 - Junto al quiosco de prensa"
Andrés,Gutiérrez Vázquez,23270924F,781228876,andresgutierrez250@gmail.com,Alumbrado Público,"La farola de la esquina entre Calle Recogidas y Plaza Nueva tiene una luz muy debil, apenas ilumina. Creo que hay que cambiarle la bombilla porque lleva asi varias semanas.",1,2026-06-02T11:34:12+02:00,"Plaza Bib-Rambla 75, Bajo A, 18014 Granada","37.168331, -3.612956 - Junto al centro de salud"
Iván,Sanz Moya,34243790X,965071029,ivan.sanz.moya@live.com,Alumbrado Público,"Hay un cable eléctrico colgando peligrosamente en la Avenida de la Constitución, tocando casi la acera. Isto es muy peligroso si viene algun niño o llueve.",5,2026-06-02T11:48:56+02:00,"Calle Recogidas 50, 3ºD, 18003 Granada","37.172646, -3.616492 - Al lado del contenedor de reciclaje"
Andrés,Ramos Rodríguez,71086675T,973508373,andres.ramos600@gmail.com,Movilidad,"Socavon profundo en carril central de Paseo del Salón, aproximadamente 1.5 metros de diámetro. Peligroso para motos y bicicletas.",5,2026-06-02T15:48:26+02:00,"Avenida de Madrid 111, 1ºD, 18004 Granada","37.171726, -3.575541 - Junto al centro de salud"
Carmen,Sanz Torres,10486709C,680678295,carmen.sanz161@hotmail.es,Otros,"Ruido de construcción ilegal en patio interno de vivienda en Albaicín durante madrugada. Vecinos molestados, suena a obra no autorizada.",3,2026-06-02T15:51:45+02:00,"Calle Reyes Católicos 80, Ático, 18004 Granada","37.164077, -3.613425 - En la esquina con Calle Arabial"
Irene,Álvarez Navarro,26276094C,664019707,irene.alvarez277@outlook.es,Parques y Jardines,El riego del Jardín del Barrio Albaicín esta averiado y las flores se estan marchitando. Urge reparación.,3,2026-06-03T13:10:11+02:00,"Calle Arabial 82, 2ºB, 18008 Granada","37.175970, -3.599299 - Cerca del cruce con Calle Gonzalo Gallas"
Josefa,Vázquez García,35097723E,731335545,josefa.vazquez580@hotmail.com,Alumbrado Público,"En la Calle de los Mártires, tres farolas consecutivas estan completamente apagadas. La zona queda muy oscura por las noches y da miedo pasar.",3,2026-06-03T19:19:24+02:00,"Calle Ángel Ganivet 46, 5ºA, 18003 Granada","37.196067, -3.587480 - En la rotonda"
Paula,Serrano Sanz,33094427A,651842573,paulaserrano576@live.com,Mobiliario Urbano,"Poste de soporte de marquesina en avenida del Camino de Ronda con varias tuercas sueltas visibles, la estructura se bambolea ligeramente, peligro de derrumbe.",5,2026-06-03T23:23:32+02:00,"Calle Zacatín 13, 5ºA, 18002 Granada","37.178084, -3.597210 - En la rotonda"
Rocío,Moya Calvo,83183475L,629392449,rocio.moya390@yahoo.es,Parques y Jardines,Rama grande del álamo junto a la zona infantil del Parque de los Mártires está a punto de desprenderse. Muy peligroso para niños.,4,2026-06-04T02:53:34+02:00,"Camino de Ronda 72, 1ºB, 18006 Granada","37.180762, -3.575400 - Junto al parque infantil"
Laura,Gutiérrez Blanco,85834773S,651991464,laura_gutierrez29@gmail.com,Alumbrado Público,"La farola del numero 42 de Calle Princesa esta fundida, pero la del 38 funciona bien asi que se puede ver. Aun asi seria bien arreglarlo.",2,2026-06-04T20:39:27+02:00,"Calle Recogidas 41, 5ºA, 18006 Granada","37.167126, -3.599384 - Frente al supermercado"
José,Moreno García,88156489L,724978951,josemoreno873@hotmail.com,Limpieza,Papeles de periódico esparcidos por la Plaza de Bibrambla después del mercadillo del domingo. Son solo unos cuantos q se los lleva el viento.,1,2026-06-04T22:51:33+02:00,"Calle Severo Ochoa 103, 3ºD, 18003 Granada","37.167972, -3.601846 - Junto a la fuente"
Carmen,Vázquez Navarro,57041936G,796493235,carmen.vazquez742@outlook.es,Alumbrado Público,"En la Plaza de Bibrambla, toda una seccion de alumbrado esta apagada desde el Monumento hasta la esquina con Calle Reyes Católicos. Es impossibile ver nada de noche.",4,2026-06-04T23:14:14+02:00,"Calle Neptuno 90, 5ºA, 18015 Granada","37.182836, -3.622001 - Junto a la fuente"
Paula,Gutiérrez Ramos,19403255H,916320630,paula_gutierrez64@hotmail.es,Otros,Olor insoportable a orina de gato en portal de Reyes Católicos. Posible fuga en tuberías o animal muerto. Aire viciado hace dias.,3,2026-06-05T20:11:29+02:00,"Avenida de la Constitución 38, 1ºD, 18002 Granada","37.169857, -3.620041 - Frente a la farmacia"
José,Rodríguez Ruiz,73091087P,927397989,jrodriguez775@hotmail.es,Mobiliario Urbano,"Papelera en calle Caldererìa Nueva con un grande abolladura lateral, funcion poco afectada pero aspecto dañado.",1,2026-06-06T00:55:00+02:00,"Calle Obispo Hurtado 64, 2ºD, 18013 Granada","37.160620, -3.598414 - Junto a la parada de autobús"
Ramón,Sánchez Ramírez,32070613B,983654441,ramon.sanchez.ramirez@hotmail.com,Limpieza,"Derrame de gasolina en calle Recogidas esquina con calle Arzobispo. Se ve claramente la iridescencia en el asfalto, peligro de incendio potencial.",4,2026-06-06T04:14:02+02:00,"Calle Zacatín 53, 1ºD, 18011 Granada","37.178287, -3.606052 - Cerca del cruce con Calle Pedro Antonio de Alarcón"
Francisco,Jiménez Sanz,54158485V,972685841,fjimenez682@yahoo.es,Alumbrado Público,"Hay una farola con parpadeos constantes en la Avenida de Andalucía, junto a la parada de autobús. Parece que va a fundirse completamente pronto.",2,2026-06-06T06:24:23+02:00,"Calle Alcaicería 14, 1ºB, 18006 Granada","37.192647, -3.575586 - Bajo la marquesina del autobús"
Andrea,Cano Rivera,27680961R,641818570,andrea_cano21@outlook.es,Limpieza,"Bolsas de basura acumuladas hace una semana en la zona de Avenida de la Paz. Estan rotas, hay cucarachas y el olor es insoportable para los viviendas cercanas.",3,2026-06-06T06:59:57+02:00,"Calle Ángel Ganivet 67, 1ºD, 18001 Granada","37.170210, -3.580169 - Frente a la iglesia"
Andrea,Ruiz Martínez,75437017F,657328234,andrea.ruiz.martinez@yahoo.es,Limpieza,Envase de refresco aplastado y papeleta de aparcamiento en la esquina de calle Navas. Cosas sin importancia pero desorden visual.,1,2026-06-06T15:13:50+02:00,"Calle Obispo Hurtado 115, 3ºA, 18010 Granada","37.165686, -3.584059 - En la acera derecha"
Silvia,Ramos Gutiérrez,43037556W,698673371,silvia.ramos632@hotmail.com,Movilidad,"Pintura de paso de cebra en Calle Navas practicamente invisibles, los colores estan muy desvanecidos pero aun se aprecian.",1,2026-06-06T15:17:32+02:00,"Paseo de los Tristes 75, 1ºC, 18010 Granada","37.186894, -3.611690 - Junto al centro de salud"
Marta,Calvo Sánchez,20933916Y,975013904,marta_calvo83@gmail.com,Alumbrado Público,"Las farolas de la Calle Templadera tienen muy poca iluminación, casi todas. El sector está muy oscuro incluso en horario de noche avanzada.",3,2026-06-06T16:01:25+02:00,"Gran Vía de Colón 1, 2ºA, 18005 Granada","37.196204, -3.620129 - A la altura del número 4"
Vicente,Blanco Marín,15222217N,947433471,vicenteblanco931@gmail.com,Limpieza,El cubo de basura organica en calle San Anton está rebosante y atrae ratas. Necesita ser vaciado urgentemente.,2,2026-06-07T07:34:51+02:00,"Calle San Antón 104, 2ºB, 18004 Granada","37.156865, -3.600140 - Junto a la fuente"
Alberto,Ruiz Sánchez,72373368G,685805011,aruiz382@gmail.com,Otros,Botellón nocturno en Plaza Nueva con botellas rotas y basura. Jovenes creando ruidera hasta las 03:00. Ya han habido conflictos.,4,2026-06-07T08:53:59+02:00,"Calle Reyes Católicos 73, 1ºB, 18007 Granada","37.189918, -3.614058 - Junto al quiosco de prensa"
Luis,León Marín,52890815S,997141327,luis.leon.marin@outlook.es,Parques y Jardines,Árbol caido bloquea completamente la entrada secundaria del Parque de la Fuente Nueva. Se necesita retirarlo inmediatamente.,5,2026-06-07T11:16:03+02:00,"Calle Alcaicería 12, 2ºA, 18002 Granada","37.165634, -3.603333 - Junto al colegio"
Adrián,Molina Vázquez,63560412G,781297292,adrian_molina42@gmail.com,Movilidad,Bache mediano en Calle Ángel Ganivet que provoca que los autos frenen de repente para evitarlo.,2,2026-06-07T15:44:10+02:00,"Camino de Ronda 108, 5ºB, 18006 Granada","37.172653, -3.616437 - Frente al portal 74"
Manuel,Flores Torres,87510634G,919378267,manuelflores109@outlook.es,Limpieza,Vertido de disolvente industrial detras del edificio abandonado en barrio Sacromonte. El olor es muy fuerte y há llegado a la calle. Esto puede ser muy toxico.,4,2026-06-07T17:41:33+02:00,"Calle Mesones 100, 1ºC, 18008 Granada","37.159442, -3.616482 - Junto al parque infantil"
Ramón,López Gómez,55490363B,658860364,ramon_lopez98@outlook.es,Parques y Jardines,Cesped sin cortar en varias zonas del Jardín Botánico hace que se vea abandonnado y descuidado.,1,2026-06-08T03:28:02+02:00,"Calle Reyes Católicos 54, 1ºD, 18001 Granada","37.193284, -3.577915 - Junto al colegio"
José,Domínguez Alonso,51270307H,743746767,jose.dominguez547@gmail.com,Alumbrado Público,"Un cable derribado en la Calle Ángel Ganivet está en el suelo mojado, muy cerca de un charco. Hay riesgo de electrocución si alguien pasa.",5,2026-06-08T06:21:49+02:00,"Calle Severo Ochoa 28, 5ºB, 18011 Granada","37.156714, -3.581041 - En la rotonda"
Rafael,Delgado Rivera,72176851E,788771638,rafael.delgado.rivera@hotmail.es,Parques y Jardines,Banco roto en el Parque del Genil con varios listones desprendidos. No es seguro usarlo.,2,2026-06-08T12:53:10+02:00,"Calle Pedro Antonio de Alarcón 59, 5ºA, 18001 Granada","37.199915, -3.597339 - Junto a la fuente"
Dolores,Gallego Hernández,18564090P,650232835,doloresgallego633@gmail.com,Alumbrado Público,"La farola frente a la Iglesia de Santo Domingo tiene la luz muy tenue, apenas alumbra el suelo. Podria mejorarse sin urgencia.",1,2026-06-08T16:06:40+02:00,"Calle Sierpe 44, 4ºC, 18012 Granada","37.178115, -3.613275 - A la altura del número 10"
Beatriz,Delgado Medina,79002004V,613004819,beatriz_delgado55@outlook.es,Alumbrado Público,"En la Calle Navas, desde la esquina con San Jerónimo hasta mitad de la manzana, hay cuatro farolas apagadas. Los peatones van a tientas.",3,2026-06-08T18:56:10+02:00,"Calle Reyes Católicos 57, 2ºA, 18011 Granada","37.178460, -3.619548 - Frente al portal 78"
Alberto,Rubio Sanz,56489533S,625866024,alberto_rubio34@outlook.es,Mobiliario Urbano,"Banco cerca del rio Darro con pintura desconchada en un 60% de la superficie, varias astillas que pueden pinchar, mantenimiento urgente pero no critico.",2,2026-06-09T02:51:28+02:00,"Camino de Ronda 16, 1ºB, 18002 Granada","37.171307, -3.578301 - Frente al supermercado"
Antonio,Rodríguez Marín,98331349R,798268231,antoniorodriguez864@gmail.com,Limpieza,"Basura dispersa en la zona verde del Parque de las Ciencias: colillas, bolsas, restos de comida de hace varios dias sin recoger nada.",3,2026-06-09T03:31:15+02:00,"Calle Obispo Hurtado 96, Ático, 18005 Granada","37.190555, -3.618979 - En la acera derecha"
Carlos,Prieto Gutiérrez,35989968M,638895944,carlosprieto747@gmail.com,Parques y Jardines,Sistema de riego del Jardín del Triunfo no está funcionando correctamente. Las plantas del parterre central se estan secando.,3,2026-06-09T15:44:39+02:00,"Calle Gonzalo Gallas 101, 3ºC, 18015 Granada","37.169209, -3.602086 - En la acera izquierda"
Carlos,Alonso Torres,52560625J,696880490,calonso658@hotmail.com,Limpieza,Pocos papeles de compra y un chicle en acera de calle Calderería Nueva. Apenas se nota pero alguien deberia limpiar.,1,2026-06-09T16:40:56+02:00,"Calle Pedro Antonio de Alarcón 3, 5ºA, 18003 Granada","37.156620, -3.577254 - Junto al parque infantil"
Daniel,Gil Moreno,56165127R,963561992,danielgil949@gmail.com,Limpieza,"Contenedor de ropa usada lleno en calle Mesones, las prendas estan cayendo al suelo y ahora hay un desastre de textiles sucios.",2,2026-06-09T20:49:41+02:00,"Camino de Ronda 65, 1ºD, 18001 Granada","37.195904, -3.624376 - Junto a la parada de autobús"
Andrés,Vázquez Calvo,87481331A,988739881,andresvazquez153@outlook.es,Movilidad,"Semáforo apagado completamente en el cruce de Puerta Real con Reyes Católicos, una avenida principal con mucho tráfico.",4,2026-06-09T23:45:25+02:00,"Calle Neptuno 49, Bajo B, 18001 Granada","37.177890, -3.575617 - En la mediana de la avenida"
Vicente,Ruiz Álvarez,15330868B,668509979,vicenteruiz385@hotmail.es,Alumbrado Público,"Hay un cable electrico expuesto y pelado en la Avenida de la Paz, colgando a baja altura en una zona con mucho paso de gente. Es una bomba de tiempo.",5,2026-06-10T02:58:32+02:00,"Avenida de Dílar 27, 2ºD, 18007 Granada","37.182119, -3.613872 - Frente al supermercado"
Patricia,León Martínez,31507378T,727124499,patricia.leon582@gmail.com,Alumbrado Público,Una farola en la Plaza del Carmen se ha fundido completamente. Hay otra farola cercana que compensa un poco pero deberia repararse.,2,2026-06-10T07:04:48+02:00,"Calle Puentezuelas 105, 4ºB, 18002 Granada","37.162136, -3.593748 - En la esquina con Calle Doctor Olóriz"
Teresa,Cortés Medina,82015742L,997008435,teresa.cortes524@outlook.es,Parques y Jardines,Rama muy gruesa del nogal cuelga peligrosamente sobre el area de juegos infantiles del Parque Federico García Lorca.,4,2026-06-10T07:07:37+02:00,"Calle Neptuno 20, 4ºC, 18008 Granada","37.171751, -3.592943 - Junto al centro de salud"
José,Álvarez Cortés,51989091Y,680837462,jose_alvarez84@outlook.es,Alumbrado Público,Toda la Calle Virgen del Carmen desde la calle trasversal hasta el cruce principal esta totalmente a oscuras. No se puede transitar con seguridad.,4,2026-06-10T11:35:55+02:00,"Avenida de Dílar 69, 4ºB, 18001 Granada","37.186362, -3.609296 - En la rotonda"
Rocío,Medina León,12875802B,948061025,rociomedina246@gmail.com,Parques y Jardines,Árbol caído en el Jardín del Albaicín bloquea completamente el acceso peatonal. Requiere desmonte urgente por seguridad.,5,2026-06-10T12:10:17+02:00,"Calle San Antón 78, 5ºB, 18008 Granada","37.184163, -3.616919 - Cerca del cruce con Calle Gracia"
Francisco,González Ramos,66750337J,998543991,fgonzalez717@gmail.com,Alumbrado Público,"La iluminacion de la Calle San Juan de los Reyes es muy pobre, las farolas estan todas opacas o con poca intensidad. Hace falta limpiar o cambiar.",1,2026-06-10T18:14:42+02:00,"Calle Ángel Ganivet 7, 5ºA, 18015 Granada","37.190658, -3.588393 - Junto a la fuente"
Rocío,Flores Pérez,44418530X,927710911,rocio.flores99@gmail.com,Limpieza,"Bidón con residuos de pintura volcado en calle Puentezuelas, mucha mancha en el pavimento. Hay niños q juegan cerca, es MUY peligroso!!",5,2026-06-10T23:23:43+02:00,"Calle Navas 117, 4ºA, 18014 Granada","37.169953, -3.580522 - Junto al centro de salud"
Teresa,Romero Torres,34788881R,973171249,tromero394@gmail.com,Limpieza,"Bolsas rotas con desperdicios organicos acumuladas hace 5 dias en la plaza de Santo Domingo. No se puede haver nada, la plaga de moscas es increible.",3,2026-06-11T01:19:06+02:00,"Avenida de Madrid 78, 2ºB, 18004 Granada","37.170109, -3.614824 - Junto a la fuente"
Nuria,Jiménez Prieto,33529658M,699642350,nuria.jimenez290@gmail.com,Limpieza,"Envoltorio de sandwich y servilletas en la zona de bancos de la Plaza Nueva. Minimo impacto visual, cosas del día a día.",1,2026-06-11T08:17:52+02:00,"Avenida de la Constitución 46, 2ºA, 18012 Granada","37.192945, -3.583841 - En la acera izquierda"
Adrián,Domínguez Calvo,61024306Q,914785692,adriandominguez786@outlook.es,Limpieza,"Contenedores de vidrio en calle Ángel Ganivet estan todos llenos, la gente tira botellas al lado y hay mucho ruido. Situacion insostenible.",2,2026-06-11T16:55:31+02:00,"Calle Gracia 116, 5ºB, 18011 Granada","37.184739, -3.611736 - Cerca del cruce con Calle Puentezuelas"
Amparo,Ruiz Romero,97544103E,998584413,amparo.ruiz.romero@gmail.com,Mobiliario Urbano,"Marquesina de transporte urbano en calle Santa Escolastica com vidrio roto en esquina inferior, alguien podria cortarse si la toca directamente.",3,2026-06-11T19:18:53+02:00,"Paseo del Salón 115, 3ºA, 18007 Granada","37.176405, -3.593243 - Junto al quiosco de prensa"
Pedro,Moya Molina,61735638G,718293756,pedro.moya.molina@gmail.com,Movilidad,Poste indicador de parada de autobus en Calle Elvira esta inclinado pero aun se puede leer a cual linea de bus corresponde.,1,2026-06-11T22:42:15+02:00,"Calle Duquesa 102, 6ºA, 18009 Granada","37.185848, -3.591845 - Junto al parque infantil"
Rosa,Medina Ramírez,46818175L,737175957,rosamedina767@hotmail.es,Alumbrado Público,"Hay tres farolas consecutivas sin funcionar en la Avenida del Hospicio, justo en el tramo donde hay muchas personas de noche. Esto necesita solucion rápida.",3,2026-06-11T22:47:49+02:00,"Avenida de Madrid 106, 4ºB, 18006 Granada","37.191985, -3.614895 - Junto a la fuente"
Vicente,Sanz Flores,47900192R,679878423,vicentesanz192@live.com,Movilidad,Series de 4 baches pequeños consecutivos en Avenida de Madrid que hacen daño a suspensión de vehiculos.,2,2026-06-11T23:04:55+02:00,"Calle Gracia 4, 3ºA, 18015 Granada","37.174664, -3.570872 - Frente a la iglesia"
Pilar,Cano Alonso,78793977W,692435482,pilar.cano.alonso@gmail.com,Limpieza,"Papeles de chucherias y botellas de plastico en la acera de Calle Mesones, frente al colegio. Los niños pisotean la basura al salir de clase.",2,2026-06-12T00:31:58+02:00,"Calle Gracia 80, 2ºB, 18006 Granada","37.158106, -3.622352 - Junto al quiosco de prensa"
Nuria,Rivera Muñoz,15580596M,995588080,nuria_rivera11@hotmail.es,Alumbrado Público,"Un cable de alta tensión a haber caido sobre la farola en la Calle Tablas, está chisporroteando. Es muy peligroso, pueden haver heridos.",5,2026-06-12T11:46:25+02:00,"Camino de Ronda 84, 2ºB, 18007 Granada","37.156509, -3.588741 - Junto al quiosco de prensa"
Beatriz,Guerrero Calvo,98567540M,957368363,beatriz.guerrero799@live.com,Alumbrado Público,La farola número 15 en la Calle Gaona tiene un parpadeo intermitente. Sigue funcionando pero parece que va a fallar pronto.,2,2026-06-12T15:07:15+02:00,"Calle Duquesa 108, Bajo A, 18002 Granada","37.169027, -3.584444 - Junto al centro de salud"
Marta,Vázquez Ramírez,41708800W,937814944,martavazquez54@hotmail.com,Alumbrado Público,"En el Paseo de los Martires, practicamente todo el tramo está sin iluminación. Las cinco o seis farolas del sector estan todas fundidas simultaneamente.",4,2026-06-12T15:21:49+02:00,"Calle Ángel Ganivet 89, 3ºA, 18011 Granada","37.185903, -3.616853 - Al lado del contenedor de reciclaje"
Alicia,Pérez Garrido,87098276J,626134856,alicia.perez.garrido@yahoo.es,Parques y Jardines,"El cesped del Parque de los Mártires no se ha cortado en dos meses, esta todo crecido y desaliñado.",1,2026-06-13T03:41:47+02:00,"Calle Duquesa 52, Ático, 18002 Granada","37.181362, -3.589351 - Cerca del cruce con Calle Navas"
Luis,Romero Hernández,65878314N,997370909,luis.romero331@gmail.com,Limpieza,"Hay un contenedor desbordante de residuos en Plaza Nueva desde hace varios dias, atrae palomas y ratas. La suciedad se esparce por toda la plaza.",3,2026-06-13T07:07:52+02:00,"Paseo del Salón 96, Ático, 18011 Granada","37.196384, -3.616065 - Frente al supermercado"
Alicia,Ruiz Guerrero,29870219G,684158634,alicia.ruiz932@outlook.es,Parques y Jardines,Banco en el Parque del Genil tiene varios listones sueltos que se caen. Es peligroso para los usuarios.,2,2026-06-13T13:52:20+02:00,"Calle Puentezuelas 71, 2ºA, 18012 Granada","37.155887, -3.586329 - Bajo la marquesina del autobús"
Sergio,Iglesias Alonso,84473049Y,667249465,sergio.iglesias921@outlook.es,Limpieza,Bolsas negras rotas en Calle San Juan de Dios con residuos organicos en descomposición. Huele muy mal y atrae insectos.,3,2026-06-13T17:01:26+02:00,"Avenida de la Constitución 104, 2ºA, 18008 Granada","37.196742, -3.593427 - En la rotonda"
Alicia,Ramos Flores,89631686L,955415534,aliciaramos91@hotmail.com,Parques y Jardines,Riego averiado en la zona de rosales del Jardín del Triunfo. Las flores se estan perdiendo por falta de agua.,3,2026-06-14T00:30:59+02:00,"Paseo de los Tristes 105, 3ºC, 18005 Granada","37.179477, -3.623822 - Junto a la parada de autobús"
Adrián,Ramírez Delgado,18917897Y,985406853,adrianramirez464@gmail.com,Limpieza,"Envoltorios de comida rapida dispersos en la parada de autobus de Puerta Real. Solo son papeletas, nada grave.",1,2026-06-14T01:35:24+02:00,"Calle Arabial 18, 2ºA, 18013 Granada","37.199690, -3.619613 - Cerca del cruce con Paseo del Salón"
Daniel,Rodríguez Rodríguez,59835932Y,917024178,daniel.rodriguez734@live.com,Otros,"Pintadas grafiti vandalicas en puerta de local comercial cerrado. Varias capas de tags, afecta a estética pero sin peligro inmediato.",1,2026-06-14T02:23:40+02:00,"Calle Real de Cartuja 54, Bajo A, 18003 Granada","37.188696, -3.623577 - Junto al parque infantil"
Beatriz,Álvarez Martínez,12903126B,998114978,beatriz.alvarez733@gmail.com,Parques y Jardines,Rama grande del pino carrasco en el Parque de la Paz cuelga a muy baja altura sobre el camino. Hay riesgo de golpes y caida.,4,2026-06-14T20:12:43+02:00,"Plaza Bib-Rambla 38, 3ºD, 18014 Granada","37.199796, -3.621740 - Frente a la farmacia"
Inés,Martínez Ruiz,31593402G,965640181,inesmartinez603@gmail.com,Movilidad,"Semáforo en la avenida principal Camino de Ronda con luces intermitentes, no hay claridad sobre cuando cruzar.",3,2026-06-14T23:16:30+02:00,"Calle Reyes Católicos 86, 1ºB, 18013 Granada","37.198630, -3.611858 - Junto al centro de salud"
Alicia,Muñoz Muñoz,97273498N,731804281,amunoz470@gmail.com,Movilidad,"Socavón grande en Calle Reyes Católicos, muy profundo, ha destrozado una llanta de bicicleta esta mañana.",5,2026-06-15T06:36:31+02:00,"Calle Doctor Olóriz 68, 3ºA, 18007 Granada","37.187957, -3.614114 - Junto al quiosco de prensa"
Cristina,Domínguez Martínez,62347731K,975171046,cristina.dominguez589@yahoo.es,Limpieza,Vertido de aceite usado en la calle frente a un taller mecanico en Camino de Ronda. Peligro para motocicletas y ciclistas.,4,2026-06-15T10:53:30+02:00,"Calle Real de Cartuja 65, Bajo B, 18005 Granada","37.177724, -3.614767 - Al lado del contenedor de reciclaje"
Patricia,Garrido Gómez,79198045Y,616855357,patricia.garrido393@hotmail.es,Mobiliario Urbano,"Bolardo de protección en plaza Nueva arrancado dejando base de hormigón irregular y expuesta, a genearado un vacio donde muchos han tropezado.",4,2026-06-15T12:30:13+02:00,"Calle Severo Ochoa 115, 4ºC, 18012 Granada","37.182823, -3.600964 - Cerca del cruce con Calle Elvira"
Teresa,Cortés Medina,79430307Z,919570461,teresacortes478@gmail.com,Alumbrado Público,"Una farola en la Calle Pescadería brinda poca luz, apenas ilumina medio metro a la redonda. Pero la zona tiene otras luces cercanas que compensan.",1,2026-06-15T22:34:07+02:00,"Calle Gracia 9, 5ºA, 18012 Granada","37.173019, -3.591332 - Junto al quiosco de prensa"
Juan,Medina Garrido,75643372Y,623050244,juan_medina48@gmail.com,Mobiliario Urbano,"Estructura de carteleria grande en calle de los Madrazo suelta en sus anclajes, se mueve notoriamente con el viento y choca contra pared, riesgo de caida severo.",5,2026-06-16T01:30:22+02:00,"Calle Ángel Ganivet 62, 3ºB, 18005 Granada","37.171582, -3.618455 - En la mediana de la avenida"
Mercedes,Gutiérrez Jiménez,50688510Y,922366168,mgutierrez256@yahoo.es,Alumbrado Público,"Hay dos farolas destruidas en la Calle Realejo, ambas apagadas y sin señales de reparacion. La zona queda muy oscura sin ellas.",3,2026-06-16T03:22:28+02:00,"Calle Profesor Emilio Orozco 13, 1ºD, 18003 Granada","37.171220, -3.600171 - Bajo la marquesina del autobús"
Rosa,Gil Molina,17242328X,641699910,rosa_gil33@gmail.com,Mobiliario Urbano,Faro de alumbrado publico en Av. Reyes Católicos con brazo suelto. La estructura metálica se mueve con el viento y podría caerse en cualquier momento sobre los peatones. Peligro inmediato de caída.,5,2026-06-16T05:39:39+02:00,"Calle Severo Ochoa 109, 4ºC, 18008 Granada","37.197291, -3.591494 - Frente al portal 56"
Óscar,Moreno Romero,16042105L,746846525,oscar_moreno42@yahoo.es,Limpieza,Colillas y papeletas de tabaco acumuladas en la esquina de Calle Reyes Catolicos. No es urgente pero acia la zona mas sucia.,1,2026-06-16T14:58:46+02:00,"Calle Obispo Hurtado 77, 3ºD, 18013 Granada","37.164692, -3.600169 - En la acera derecha"
Rocío,Castro Ramos,63744219H,980190626,rociocastro75@gmail.com,Alumbrado Público,"La farola de la esquina entre Calle Reyes Católicos y Plaza Nueva emite una luz muy debil, apenas se ve nada por la noche. Es dificil transitar con seguridad.",1,2026-06-16T18:18:52+02:00,"Calle Neptuno 54, 1ºB, 18012 Granada","37.183351, -3.607115 - Junto al quiosco de prensa"
Iván,Castillo Ramírez,33209938P,794251170,ivancastillo709@live.com,Otros,"Fuga de agua importante en esquina Calle San Antón, agua corriendo hacia alcantarilla y mojando aceras. Desperdicio y riesgo de resbalón.",4,2026-06-16T18:36:18+02:00,"Calle Obispo Hurtado 49, 2ºA, 18005 Granada","37.191032, -3.593081 - Frente a la farmacia"
Josefa,Gallego Serrano,94979417C,995182304,jgallego635@hotmail.es,Movilidad,Letrero de calle San Juan de los Reyes esta medio borrado pero se logra entender el nombre de la via.,1,2026-06-16T19:14:13+02:00,"Calle Duquesa 13, 2ºB, 18004 Granada","37.179896, -3.591924 - Junto a la fuente"
Silvia,Castillo Cano,71574351F,959450323,silviacastillo477@hotmail.com,Mobiliario Urbano,Papelera en Plaza Nueva totalmente deformada y abollada. Sigue funcionando pero tiene mal aspecto y dificulta tirar la basura correctamente.,1,2026-06-17T15:33:46+02:00,"Calle Gonzalo Gallas 45, 4ºB, 18008 Granada","37.196051, -3.606282 - Junto a la parada de autobús"
Rubén,Gil Delgado,85400842W,951453606,rubengil616@gmail.com,Parques y Jardines,Árbol de roble ha caído y bloquea completamente el paso en el Jardín Botánico. Impide el acceso a la zona este del parque.,5,2026-06-17T18:36:21+02:00,"Calle Alhamar 22, 1ºB, 18002 Granada","37.187123, -3.602683 - Junto al centro de salud"
José,Martínez Blanco,87733299Y,754512869,josemartinez851@hotmail.es,Alumbrado Público,Farola fundida en Av. Constitucion frente al Centro Comercial Nevada. Hay otros puntos de iluminacion cercanos pero esta oscuro justo en esa zona.,2,2026-06-17T22:49:11+02:00,"Calle Tablas 109, 3ºD, 18007 Granada","37.166602, -3.598807 - Junto a la parada de autobús"
Enrique,Ramos Jiménez,45113210K,622090268,eramos542@gmail.com,Movilidad,"Asfalto deteriorado con varios baches pequeños en la Calle Santa Escolástica, necesita mantenimiento.",2,2026-06-18T00:08:46+02:00,"Calle San Juan de Dios 61, 3ºB, 18006 Granada","37.194288, -3.570104 - En la acera izquierda"
Amparo,León León,66779576L,928132313,amparoleon681@gmail.com,Otros,"Paloma con ala rota volando entre balcones en Realejo. Animal herido, vecinos preocupados. Requiere captura urgente.",3,2026-06-18T12:16:35+02:00,"Avenida de Cervantes 4, 4ºA, 18003 Granada","37.188025, -3.570340 - Junto a la fuente"
Jesús,Flores Ortiz,52735449Z,923945222,jesusflores228@gmail.com,Limpieza,Contenedor parcialmente lleno con bolsas apiladas irregularmente en Barrio del Albaicin. Necesitaria recogida pronto.,2,2026-06-18T19:18:09+02:00,"Calle Sierpe 53, Ático, 18007 Granada","37.165211, -3.612105 - Junto al parque infantil"
Teresa,Navarro Domínguez,49999091N,978983998,tnavarro228@live.com,Alumbrado Público,"Cable electrico colgando y parcialmente deshilachado en Calle Navas, a la altura del semaforo. Peligro inmediato para peatones y vehiculos. Urge intervencion.",5,2026-06-18T19:52:50+02:00,"Calle Puentezuelas 115, 3ºA, 18003 Granada","37.174228, -3.578007 - Junto al quiosco de prensa"
Ana,Sánchez Jiménez,28028667Q,629373036,ana.sanchez.jimenez@gmail.com,Limpieza,"Derrame de liquido transparente (posiblemente solvente quimico) en Avenida de la Constitucion, muy cerca de la guarderia municipal. Fuerte olor toxico.",5,2026-06-18T19:58:15+02:00,"Camino de Ronda 65, 6ºA, 18007 Granada","37.182021, -3.577981 - Junto a la parada de autobús"
Amparo,García Rivera,65193333V,660728799,amparo.garcia.rivera@live.com,Movilidad,"El semáforo peatonal en Paseo de los Mártires parpadea de forma aleatoria, los peatones no saben cuando atravesar.",3,2026-06-18T20:53:20+02:00,"Calle San Antón 23, 2ºB, 18001 Granada","37.156048, -3.620264 - En la esquina con Calle Gracia"
Dolores,Guerrero Domínguez,61229622B,931939109,dguerrero538@yahoo.es,Limpieza,Periódicos viejos y cajas de carton sin plegar en la calle junto a comercios del centro. Ocupan espacio en la acera.,1,2026-06-18T21:05:25+02:00,"Calle Alcaicería 93, 4ºA, 18008 Granada","37.183129, -3.610037 - Junto a la fuente"
Alejandro,Medina Romero,41970912Y,977639117,alejandro.medina.romero@hotmail.es,Mobiliario Urbano,"Banco de madera en Parque de las Ciencias con respaldo roto y astillas salientes. Aunque no es grave, los niños podrian lastimarse al sentarse o tocar la madera deteriorada.",2,2026-06-19T01:23:29+02:00,"Avenida de la Constitución 26, 1ºC, 18007 Granada","37.181900, -3.580322 - Frente al supermercado"
Raquel,Ortiz Castillo,10067882T,993472739,raquel_ortiz12@hotmail.es,Parques y Jardines,"El cesped del parque Fuente del Avellano esta muy crecido hace meses, no se ve bien. Habria que podarlo cuanto antes para que se vea mejor el jardin.",1,2026-06-19T01:40:47+02:00,"Calle Elvira 32, 1ºB, 18009 Granada","37.195070, -3.608977 - Bajo la marquesina del autobús"
Manuel,Serrano Díaz,87612172C,921008602,manuel.serrano.diaz@hotmail.com,Mobiliario Urbano,Marquesina de autobús en Calle Mesones con vidrio frontal completamente rajado en forma de tela de araña. La lluvia entra sin problemas y los usuarios no tienen protección adecuada.,3,2026-06-19T04:33:52+02:00,"Calle Obispo Hurtado 16, 2ºA, 18013 Granada","37.184149, -3.581951 - Cerca del cruce con Calle Obispo Hurtado"
Javier,Gutiérrez Ortiz,48818911P,659502374,javier.gutierrez700@gmail.com,Alumbrado Público,"Tres farolas consecutivas apagadas en Paseo del Salon, entre la Puerta Real y la Avenida República Argentina. El tramo queda practicamente a oscuras.",3,2026-06-19T14:18:15+02:00,"Calle Reyes Católicos 41, 2ºB, 18005 Granada","37.163444, -3.608522 - En la acera derecha"
Nuria,Ruiz Díaz,49845889J,933190912,nuria_ruiz20@live.com,Limpieza,Deposito de escombros y tierras sin autorizar en lote vacio de Calle Elvira. Lleva tres semanas alli y se dispersa con el viento.,3,2026-06-19T15:15:45+02:00,"Calle Recogidas 17, 3ºB, 18004 Granada","37.187926, -3.589949 - Junto a la parada de autobús"
Sara,León Díaz,84665569Q,781521571,sara.leon795@yahoo.es,Limpieza,Latas de refresco y vasos de cafe desechables en los jardines de la Avenida del Camino de Ronda. Deterioran el paisaje urbano.,1,2026-06-19T20:42:19+02:00,"Calle Molinos 84, 2ºD, 18014 Granada","37.188424, -3.605489 - Bajo la marquesina del autobús"
Enrique,Gutiérrez Gómez,72088371T,752738346,enrique.gutierrez358@yahoo.es,Limpieza,Fuerte derrame de pintura roja en Calle Pavaneras. La pintura corre hacia la alcantarilla proxima a una zona residencial.,4,2026-06-20T04:32:04+02:00,"Acera del Darro 89, Bajo B, 18003 Granada","37.175458, -3.577565 - Junto a la fuente"
Miguel,Gallego Jiménez,34365201G,985498337,miguelgallego131@yahoo.es,Alumbrado Público,"La farola de Calle Elvira, número 24, titila constantemente y produce un efecto estroboscopico molesto. La iluminacion es insuficiente.",1,2026-06-20T07:17:03+02:00,"Calle Elvira 66, 2ºD, 18014 Granada","37.170289, -3.592325 - Frente al supermercado"
Rosa,Garrido Gutiérrez,73262431W,624738126,rosagarrido799@hotmail.es,Alumbrado Público,Calle Moraima completamente a oscuras desde la intersección con Calle Caldería hasta Calle Pavaneras. Imposible ver el camino de noche. Zona de paso frecuente.,4,2026-06-20T07:19:47+02:00,"Avenida de la Constitución 56, 4ºC, 18009 Granada","37.191187, -3.573414 - Junto al colegio"
Álvaro,Ortiz Gómez,22844353V,910000135,aortiz517@outlook.es,Otros,"Ruido de musica alta desde bar clandestino en sotano cerca Plaza del Carmen. Vecino intenta dormir, sonido ensordecedor después medianoche.",2,2026-06-20T09:00:59+02:00,"Plaza Bib-Rambla 12, 3ºB, 18005 Granada","37.169296, -3.600633 - Junto al paso de peatones"
Paula,Torres Marín,64588656X,683555608,paula.torres146@gmail.com,Parques y Jardines,"En el banco de madera junto a la fuente del Triunfo, uno de los listones de respaldo está muy suelto. Peligra que se caiga cuando alguien se siente.",2,2026-06-20T10:30:10+02:00,"Calle Tablas 118, 2ºD, 18007 Granada","37.157467, -3.576286 - A la altura del número 46"
Rocío,Castro Álvarez,53565670G,992879299,rociocastro345@hotmail.com,Mobiliario Urbano,"Bolardo de protección en Callejón de los Negros arrancado de raíz, dejando un hueco profundo en el terreno. Esto es muy peligroso para viandantes que pueden tropezar o torcerse el tobillo.",4,2026-06-20T11:12:06+02:00,"Calle Mesones 47, 1ºD, 18003 Granada","37.170542, -3.574570 - Al lado del contenedor de reciclaje"
Antonio,Torres Ortiz,32687775Z,676399582,atorres402@live.com,Parques y Jardines,El sistema de riego automatico del jardín de la Bomba no funciona hace una semana. Las plantas estan secandose rapidamente con este calor.,3,2026-06-20T12:24:17+02:00,"Calle Sierpe 19, 2ºC, 18002 Granada","37.170805, -3.613092 - En la rotonda"
Alberto,González Castillo,67746147S,925189069,albertogonzalez149@yahoo.es,Alumbrado Público,Farola fundida en Carrera del Darro frente a la Iglesia de Santa Ana. Ay otras luces pero esta bastante oscuro ahi. Afecta la seguridad peatonal.,2,2026-06-20T17:34:13+02:00,"Calle Elvira 98, 1ºA, 18009 Granada","37.189072, -3.595098 - Junto al quiosco de prensa"
Iván,Flores Navarro,50050660S,662718317,ivan_flores25@gmail.com,Movilidad,"Carril de la bici completamente roto en Camino del Sacromonte, con hundimiento de más de 40 cm. Hay que hacerlo urgente.",5,2026-06-20T22:59:43+02:00,"Avenida de Cervantes 27, 4ºB, 18007 Granada","37.195512, -3.589133 - Junto a la parada de autobús"
Rosa,Gutiérrez Moreno,41941090S,642924229,rosagutierrez60@gmail.com,Movilidad,Placa informativa de zona peatonal en Plaza Nueva esta desteñida pero sigue siendo legible y funcional.,1,2026-06-21T08:36:04+02:00,"Calle Arabial 6, 1ºB, 18005 Granada","37.156526, -3.596278 - Cerca del cruce con Paseo de la Bomba"
Esperanza,Ramos Gallego,84054799B,629029968,esperanza_ramos57@outlook.es,Alumbrado Público,Transformador electrico con cable caido sobre la calle en Calle San Juan de Dios. Posible descarga. Riesgo de electrocucion para cualquiera que toque.,5,2026-06-21T08:41:23+02:00,"Calle Profesor Emilio Orozco 21, 4ºA, 18005 Granada","37.157909, -3.620268 - Junto al paso de peatones"
Sofía,Álvarez Flores,90151271B,962174284,sofiaalvarez133@gmail.com,Movilidad,"Baches frecuentes en Calle Aire, aproximadamente 5 baches pequeños dispersos que afectan la comodidad del viaje.",2,2026-06-21T09:10:40+02:00,"Carrera del Darro 88, Ático, 18012 Granada","37.188023, -3.583463 - Bajo la marquesina del autobús"
Antonio,León Ruiz,76155954X,635173036,antonio.leon.ruiz@hotmail.com,Movilidad,"El semaforo vehicular en interseccion de Calle Mesones con Calle Elvira esta intermitente, genera riesgo de colisión.",3,2026-06-21T10:33:07+02:00,"Calle Duquesa 70, 2ºB, 18012 Granada","37.199913, -3.584050 - En la acera izquierda"
Lucía,Herrera Serrano,68561259F,967103088,lucia_herrera50@hotmail.es,Alumbrado Público,"Farola con filamento debilitado en Plaza Mariana Pineda, emite luz anaranjada muy tenue. Se ve algo pero muy poco para la zona.",1,2026-06-21T12:31:47+02:00,"Calle Severo Ochoa 77, 1ºD, 18007 Granada","37.156758, -3.583424 - Junto a la parada de autobús"
Rafael,Ramírez Prieto,47848412V,685379654,rafael_ramirez37@outlook.es,Alumbrado Público,Ocho farolas apagadas en el tramo de Avenida Mediterraneo desde Calle Melchor Almagro hasta Calle Molinos. La calle queda completamente a oscuras por las noches.,4,2026-06-21T18:34:17+02:00,"Calle Doctor Olóriz 10, 4ºB, 18007 Granada","37.158623, -3.581399 - Cerca del cruce con Calle Tinajilla"
Iván,Pérez Gallego,30789079Z,911024530,ivan_perez13@hotmail.com,Limpieza,"Bolsa rota con residuos de construccion en la acera de Calle Navas. Yeso, polvo y fragmentos de ladrillo esparcidos.",2,2026-06-21T20:28:59+02:00,"Calle Doctor Olóriz 22, 3ºA, 18014 Granada","37.170814, -3.586311 - Cerca del cruce con Calle Puentezuelas"
Irene,Álvarez León,59429581L,673522446,irene.alvarez.leon@outlook.es,Parques y Jardines,Una rama gruesa del roble junto al parque de las Ciencias está totalmente podrida y pendiente de caer. Es peligroso pasar por debajo con niños.,4,2026-06-22T02:21:21+02:00,"Calle Duquesa 83, 2ºC, 18005 Granada","37.169482, -3.614185 - Junto al centro de salud"
Raquel,Iglesias Muñoz,83979132Z,976093275,riglesias224@hotmail.com,Parques y Jardines,"Arbol caido completamente en el parque García Lorca bloqueando completamente el camino principal. Nadie puede pasar, es una avenida de acceso importante.",5,2026-06-22T03:11:59+02:00,"Avenida de Dílar 111, 4ºB, 18006 Granada","37.197273, -3.616735 - Al lado del contenedor de reciclaje"
Fernando,Ortiz Flores,59707930E,940656093,fernando.ortiz938@outlook.es,Limpieza,Acumulacion de basura frente a los bares de Placeta de la Merced. Lleva casi una semana sin recoger y hay ratas visibles.,3,2026-06-22T08:53:37+02:00,"Calle Doctor Olóriz 9, 2ºB, 18013 Granada","37.187749, -3.617350 - Bajo la marquesina del autobús"
Rafael,Domínguez Jiménez,20872738P,926575479,rafael.dominguez.jimenez@live.com,Limpieza,"Residuos de jardineria (ramas, hojas) en exceso en Plaza Bib-Rambla sin separar. Obstaculiza el transito de peatones.",2,2026-06-22T16:43:22+02:00,"Calle Alcaicería 5, 3ºC, 18009 Granada","37.199734, -3.592220 - Junto al paso de peatones"
Alberto,Torres Cortés,83397751G,976845174,albertotorres838@hotmail.es,Movilidad,"Gran depresión en calzada de Avenida de la Paz, parece casi un pequeño crater, es grave. Haver visto a taxi quedar atrapado aqui.",5,2026-06-22T20:37:16+02:00,"Calle Alhamar 95, 6ºA, 18002 Granada","37.159740, -3.588322 - En la mediana de la avenida"
Enrique,Gómez Martínez,67560539V,615677368,egomez619@live.com,Mobiliario Urbano,Banco metalico cerca de la Catedral con pintura descascarillada y óxido visible en varias zonas. Tiene manchas marrones por la oxidacion pero estructuralmente esta bien.,2,2026-06-23T02:45:57+02:00,"Paseo de los Tristes 54, 3ºA, 18012 Granada","37.161145, -3.585935 - A la altura del número 25"
Marta,Flores Iglesias,69859139C,742603650,marta.flores.iglesias@outlook.es,Parques y Jardines,El cesped de la zona norte del parque Aben Humeya esta muy alto y descuidado. Seria bueno cortarlo en los proximos dias para mejorar el aspecto.,1,2026-06-23T03:57:24+02:00,"Calle Doctor Olóriz 16, 4ºB, 18015 Granada","37.188940, -3.574754 - En la esquina con Paseo de los Tristes"
Dolores,Iglesias Alonso,56941917N,918275037,diglesias291@gmail.com,Mobiliario Urbano,"Poste de señalizacion en Av. Constitución con tornillos sueltos visibles en el soporte. La señal se mueve ligeramente pero aun sostiene su peso, sin embargo hay riesgo de caída si no se repara pronto.",4,2026-06-23T04:30:33+02:00,"Calle Real de Cartuja 13, 1ºA, 18002 Granada","37.179003, -3.616402 - A la altura del número 38"
Dolores,Moya Núñez,11326435Q,974513318,doloresmoya619@gmail.com,Parques y Jardines,Hay una grieta importante en la pileta de agua del parque de los Mártires. El agua se está perdiendo y el material está dañado.,3,2026-06-23T16:13:42+02:00,"Paseo de los Tristes 41, 3ºB, 18012 Granada","37.175185, -3.584686 - A la altura del número 78"
Luis,Gómez Gutiérrez,77516185K,963285400,luis.gomez.gutierrez@yahoo.es,Limpieza,"Vertido de sustancia quimica industrial (liquido verde) en la cuneta de Calle de los Flores, proxima a escuela infantil. Muy peligroso.",5,2026-06-23T19:50:05+02:00,"Calle Puentezuelas 48, 4ºB, 18013 Granada","37.174448, -3.570613 - Bajo la marquesina del autobús"
Enrique,Gómez Rubio,73153841H,956419908,egomez553@gmail.com,Parques y Jardines,Banco de piedra junto a la entrada del Parque del Príncipe tiene un soporte roto que cuelga. No parece seguro sentarse.,2,2026-06-23T22:29:07+02:00,"Paseo de la Bomba 83, Bajo A, 18013 Granada","37.191381, -3.605809 - En la acera derecha"
Rubén,López Marín,63429346S,654833794,ruben_lopez25@hotmail.com,Alumbrado Público,"Farola fundida en Calle Laurel, esquina con Calle Guevara. Hay iluminacion publica cerca pero ese punto en particular no tiene luz.",2,2026-06-24T00:39:00+02:00,"Calle Alhamar 68, 1ºD, 18009 Granada","37.197807, -3.611603 - En la esquina con Calle Profesor Emilio Orozco"
Inés,Delgado Moreno,32921054G,623042476,ines.delgado723@live.com,Mobiliario Urbano,Papelera junto a Puerta Real con pequeña doya en la parte lateral. Funciona perfectamente y apenas se nota el defecto cosmético.,1,2026-06-24T02:38:18+02:00,"Calle Arabial 31, 3ºB, 18009 Granada","37.156189, -3.601510 - Junto a la parada de autobús"
Teresa,Castillo Navarro,23407541G,718926201,teresacastillo778@gmail.com,Alumbrado Público,"Linea electrica dañada y descolgada sobre Calle Abad Said, colgando a poca altura. Riesgo grave de accidente electrico. Peligro extremo.",5,2026-06-24T06:32:53+02:00,"Plaza de Mariana Pineda 21, Bajo B, 18006 Granada","37.188275, -3.603020 - Junto al quiosco de prensa"
Javier,Blanco Ramírez,93380528E,978873874,javier.blanco862@hotmail.es,Limpieza,Botellas rotas y fragmentos de vidrio en la esquina de Calle Actualmente. Riesgo de lesiones para transeuntes y mascotas.,3,2026-06-24T12:18:59+02:00,"Gran Vía de Colón 29, 3ºC, 18005 Granada","37.158348, -3.608015 - Frente a la farmacia"
Luis,Cortés Ramírez,64379804K,915139852,luis.cortes872@yahoo.es,Parques y Jardines,Dos ramas grandes del pino junto al pabellon estan muy proximas a caer. Es zona de paso frecuente con mucha gente a diario.,4,2026-06-24T12:27:50+02:00,"Paseo de la Bomba 70, 4ºB, 18008 Granada","37.181090, -3.571592 - Junto a la fuente"
Cristina,Iglesias Pérez,58280503K,715172736,cristina.iglesias.perez@outlook.es,Parques y Jardines,"El riego por goteo en los jardines de la Paz no funciona correctamente, las plantas mediterraneas se estan marchitando. Necesita reparacion urgente.",3,2026-06-24T14:24:35+02:00,"Calle Severo Ochoa 96, 6ºA, 18012 Granada","37.157481, -3.618828 - En la acera derecha"
Inés,Ramos Torres,58958873Y,768614735,ines.ramos384@gmail.com,Limpieza,Papeletas sueltas (folletos publicitarios) en Calle Santa Ana. Apenas son unos cuantos pero ensucian la acera.,1,2026-06-24T23:04:32+02:00,"Paseo de los Tristes 9, 2ºA, 18007 Granada","37.165722, -3.601520 - Junto a la parada de autobús"
Paula,Martínez Guerrero,93419534C,612683333,paula.martinez.guerrero@gmail.com,Movilidad,"Señalizacion de no estacionar en Calle Oficios esta muy borrada, apenas se distingue pero aun se puede ver.",1,2026-06-25T01:05:23+02:00,"Calle Ángel Ganivet 51, 3ºB, 18004 Granada","37.166035, -3.582769 - En la mediana de la avenida"
Inés,Marín Garrido,94427610Y,950405662,inesmarin854@hotmail.com,Limpieza,Contenedor con tapa rota y basura que asoma del borde en Calle Zacatin. Necesita vaciado pronto pero aun tiene espacio.,2,2026-06-25T11:11:21+02:00,"Calle Reyes Católicos 36, 2ºD, 18012 Granada","37.168566, -3.588309 - Frente a la farmacia"
Carmen,Iglesias Rivera,16318849G,793258141,ciglesias474@yahoo.es,Limpieza,"Derrame de aceite comestible (de restaurante cercano) en la acera de Calle Calderia Nueva. Piso resbaladizo y oloso, peligro para ancianos.",4,2026-06-25T14:35:21+02:00,"Calle Arabial 111, 2ºB, 18012 Granada","37.183299, -3.586517 - En la mediana de la avenida"
Marta,Cano Garrido,19261074T,927066644,martacano382@hotmail.com,Movilidad,"En la Avenida de la Constitucion, cerca del puente nuevo, hay un bache profundo de unos 60cm que se hace mas grande cada dia. Es muy peligroso para las motos y bicicletas, ya que puede provocar caidas graves.",3,2026-06-27T01:56:19+02:00,"Paseo del Salón 44, Bajo B, 18010 Granada","37.186564, -3.597141 - Frente a la iglesia"
Sofía,Rivera Ramírez,55378758W,696656666,sofia.rivera102@yahoo.es,Movilidad,El semáforo de la intersección entre Calle Reyes Católicos y Gran Vía lleva dos días apagado completamente. Los coches no saben quién tiene prioridad y ay un caos tremendo en las horas punta.,4,2026-06-27T02:09:53+02:00,"Calle Puentezuelas 26, Bajo A, 18007 Granada","37.185365, -3.597817 - Bajo la marquesina del autobús"
Sofía,Cortés Serrano,29825671F,987871646,scortes499@live.com,Parques y Jardines,Arbol de eucalipto caido atravesando todo el camino principal del parque Los Jilgueros. Impide el paso a los ciclistas y peatones.,5,2026-06-27T05:13:32+02:00,"Calle Duquesa 100, 3ºC, 18007 Granada","37.163849, -3.591545 - Junto al quiosco de prensa"
Inés,León Navarro,29825288S,610693298,ines.leon780@live.com,Movilidad,"La señal de velocidad máxima en la cuesta de Gomérez está completamente desgastada, apenas se ve el número. Pero todavía se puede leer que marca 30 km/h.",1,2026-06-27T09:09:49+02:00,"Plaza Bib-Rambla 33, 1ºC, 18002 Granada","37.177814, -3.576477 - Junto al parque infantil"
Óscar,Blanco Gutiérrez,79379594Q,696051849,oscarblanco341@outlook.es,Parques y Jardines,El cesped de las zonas de descanso en el Parque de la Paz crece sin control. Seria necesario una labor de mantenimiento basica.,1,2026-06-27T10:03:56+02:00,"Plaza de Mariana Pineda 45, 6ºA, 18010 Granada","37.192390, -3.579215 - Cerca del cruce con Calle Reyes Católicos"
Rosa,Jiménez Domínguez,93408069D,616486234,rosajimenez519@hotmail.es,Limpieza,"Acumulación de bolsas de basura rota en la esquina de Calle Reyes Católicos con Gran Via, llevan alli más de 4 días. Hay restos de comida dispersados y huele muy mal, los vecinos están molestos.",3,2026-06-27T19:17:26+02:00,"Calle Alhamar 14, 2ºB, 18014 Granada","37.179292, -3.586148 - Bajo la marquesina del autobús"
Cristina,García Serrano,30197861B,655451302,cristina_garcia16@outlook.es,Limpieza,"Papeles de caramelos y envoltorios de plástico pegados en la acera de la Plaza Nueva, frente a la Catedral. Nada grave pero afea el entorno turistico.",1,2026-06-27T20:58:35+02:00,"Camino de Ronda 76, 4ºB, 18004 Granada","37.185217, -3.598819 - En la acera izquierda"
Pablo,Romero Prieto,60330278J,931811483,pablo.romero.prieto@yahoo.es,Parques y Jardines,Una rama del almendro esta aflojada y pende peligrosamente sobre la zona de juegos infantiles. Podria caer en cualquier momento sobre los niños.,4,2026-06-27T21:05:30+02:00,"Paseo de la Bomba 63, 3ºD, 18014 Granada","37.170950, -3.618147 - Junto al paso de peatones"
Adrián,Martínez Cortés,54521780G,924922113,adrianmartinez274@gmail.com,Limpieza,"Se há detectado un vertido de aceite de cocina en la calle Elvira, cerca del mercado. Hay una mancha oscura que ocupa unos 3 metros y es muy peligroso para los motociclistas.",4,2026-06-27T23:03:19+02:00,"Calle Pedro Antonio de Alarcón 10, 2ºC, 18003 Granada","37.156953, -3.614481 - En la acera izquierda"
Iván,Martínez Gallego,33620830M,721149257,ivan.martinez661@hotmail.com,Alumbrado Público,"Cinco farolas consecutivas sin funcionar en Paseo de la Bomba, tramo entre Puente del Turco y Plaza de la Paz. Oscuridad total, zona muy problematica.",3,2026-06-28T01:38:03+02:00,"Camino de Ronda 69, 3ºB, 18007 Granada","37.168599, -3.584753 - Junto al paso de peatones"
Rocío,León Delgado,91538329P,615222512,rleon876@hotmail.es,Alumbrado Público,La farola de Calle Pavaneras emite una luz muy debil y amarillenta. Apenas ilumina el piso. Funciona pero de manera muy deficiente.,1,2026-06-28T03:38:05+02:00,"Calle Profesor Emilio Orozco 108, 3ºB, 18012 Granada","37.157251, -3.616770 - Frente a la iglesia"
Jorge,Rubio Navarro,61392339A,745746073,jrubio234@yahoo.es,Movilidad,"Hay un socavon enorme en la Carrera del Darro, justo donde pasan los autobuses urbanos. El asfalto se ha hundido mas de 80cm y podem verse las tuberias. Ya ha habido dos accidentes esta semana.",5,2026-06-28T07:22:57+02:00,"Calle Sierpe 113, 5ºB, 18003 Granada","37.182913, -3.604453 - Junto al colegio"
Rosa,Garrido Delgado,43509297J,781145437,rosagarrido242@hotmail.com,Movilidad,"El semáforo para peatones en Plaza Nueva parpadea intermitentemente, no se sabe si está en rojo o verde. Muchas personas mayores no se atreven a cruzar por miedo a un accidente.",3,2026-06-28T18:38:43+02:00,"Calle Elvira 65, 3ºA, 18009 Granada","37.174383, -3.609213 - Junto al colegio"
Diego,Sánchez Moya,40417179S,782118626,diegosanchez7@live.com,Alumbrado Público,Farola apagada en Avenida Juan Pablo II frente al Hospital Virgen del Rocio. Hay otras farolas pero esa zona queda oscura. Afecta la seguridad de entrada al hospital.,2,2026-06-29T04:30:39+02:00,"Calle Neptuno 64, 1ºC, 18004 Granada","37.193733, -3.612285 - Junto a la parada de autobús"
Cristina,Gallego Herrera,98220120T,935548398,cristina_gallego33@yahoo.es,Mobiliario Urbano,Marquesina en Parada de Autobús de Plaza de la Paz con vidrio lateral agrietado y fragmentos pequeños cayendo ocasionalmente. Peligro potencial para usuarios que esperan el autobús.,3,2026-06-29T06:10:30+02:00,"Calle Zacatín 66, 4ºB, 18009 Granada","37.194653, -3.587063 - Al lado del contenedor de reciclaje"
Elena,Blanco García,11113390C,977130191,elena.blanco.garcia@yahoo.es,Parques y Jardines,"En el parque Beiro, la manguera del sistema de riego se ha reventado. El agua se pierde y las plantas no reciben humedad adecuada.",3,2026-06-29T07:54:58+02:00,"Calle Puentezuelas 61, 2ºC, 18008 Granada","37.161494, -3.595244 - Junto a la parada de autobús"
Pablo,González Alonso,61178975X,676522292,pablo.gonzalez.alonso@hotmail.com,Alumbrado Público,"Cable electrico deshilachado y suelto sobre Calle los Mártires, practicamente tocando personas que pasan. Riesgo inmediato de electrocucion. Situacion crítica.",5,2026-06-29T08:52:47+02:00,"Avenida de Cervantes 36, 5ºA, 18007 Granada","37.189374, -3.608626 - Junto a la parada de autobús"
Manuel,Vázquez Gil,22260849T,645020425,mvazquez429@yahoo.es,Otros,"Ocupacion de garaje en calle Duomo. Persona viviendo dentro, basura amontonada, riesgo de incendio. Situacion precaria y peligrosa.",5,2026-06-29T10:58:56+02:00,"Calle Neptuno 25, 1ºB, 18015 Granada","37.182943, -3.624069 - Bajo la marquesina del autobús"
Marta,Ortiz González,52972818T,972900285,marta_ortiz58@hotmail.es,Otros,"Plagas de hormigas rojas en area infantil de patio comunitario. Haver múltiples nidos bajo macetas, riesgo para niños pequeños.",3,2026-06-30T05:01:28+02:00,"Calle Alhamar 82, 5ºA, 18014 Granada","37.161288, -3.587611 - Frente a la iglesia"
Enrique,Rivera Ramírez,47307075P,656575655,enrique_rivera76@live.com,Limpieza,"El contenedor de reciclaje en Calle Pavaneras está bastante lleno, casi no cabe nada más y hay bolsas alrededor. Necesita vaciado pronto.",2,2026-06-30T14:11:32+02:00,"Calle Alcaicería 49, Ático, 18005 Granada","37.170025, -3.600520 - En la acera izquierda"
Jesús,Navarro Ramírez,80698406P,640409886,jnavarro554@gmail.com,Limpieza,Encontré bidones de sustancia química peligrosa abandonados a 50 metros del colegio público Juan Ramón Jiménez en el barrio del Albaicín. Peligro inmediato para los niños.,5,2026-06-30T20:27:33+02:00,"Calle Tablas 93, 6ºA, 18003 Granada","37.199369, -3.579316 - En la esquina con Calle Profesor Emilio Orozco"
Adrián,Calvo Rubio,61233198E,665546187,adrian.calvo.rubio@outlook.es,Movilidad,"En la calle Elvira, frente a la tienda de souvenirs, ay un pequeño bache de unos 20cm de profundidad. No es gran cosa, pero molesta a los patinadores y ciclistas ocasionales.",2,2026-06-30T21:32:42+02:00,"Calle Zacatín 10, Ático, 18015 Granada","37.174732, -3.604269 - Frente a la farmacia"
